first_name,second_name,team,element_type,price,total_points,goals_scored,assists,clean_sheets,minutes,form,ict_index,goals_conceded,saves,bonus,selected_by_percent,points_per_game,expected_goals,expected_assists
David,Raya Martín,1,1,6.2,162,0,0,19,3330,5.2,57.5,26,60,11,36.4,4.4,0.00,0.07
Kepa,Arrizabalaga Revuelta,1,1,4.0,2,0,0,0,90,0.5,2.0,1,2,0,0.4,2.0,0.00,0.00
Karl,Hein,1,1,4.0,0,0,0,0,0,0.0,0.0,0,0,0,0.2,0.0,0.00,0.00
Tommy,Setford,1,1,3.9,0,0,0,0,0,0.0,0.0,0,0,0,0.2,0.0,0.00,0.00
Gabriel,dos Santos Magalhães,1,2,7.3,209,3,5,18,2750,6.0,125.0,20,0,30,45.4,6.5,2.94,1.75
William,Saliba,1,2,6.3,137,1,0,15,2614,4.8,84.3,20,0,12,17.1,4.4,0.88,1.21
Riccardo,Calafiori,1,2,5.6,109,1,2,13,1697,4.0,77.9,8,0,6,6.0,4.2,3.36,0.76
Jurriën,Timber,1,2,6.0,149,3,6,13,2452,0.0,125.7,20,0,9,15.2,5.0,4.71,1.53
Jakub,Kiwior,1,2,5.4,0,0,0,0,0,0.0,0.0,0,0,0,0.0,0.0,0.00,0.00
Myles,Lewis-Skelly,1,2,5.0,29,0,0,2,697,3.8,17.6,8,0,0,1.9,1.4,0.10,0.20
Benjamin,White,1,2,5.1,45,0,1,5,699,1.8,34.3,6,0,3,0.5,3.8,0.45,0.69
Brayden,Clarke,1,2,3.7,0,0,0,0,0,0.0,0.0,0,0,0,0.5,0.0,0.00,0.00
Maldini,Kacurri,1,2,3.9,0,0,0,0,0,0.0,0.0,0,0,0,0.1,0.0,0.00,0.00
Josh,Nichols,1,2,3.7,0,0,0,0,0,0.0,0.0,0,0,0,0.2,0.0,0.00,0.00
Bukayo,Saka,1,3,10.0,157,7,10,12,2218,5.8,230.6,16,0,18,11.6,5.1,7.57,7.16
Martin,Ødegaard,1,3,7.8,74,1,7,6,1363,1.8,104.4,13,0,5,1.7,3.1,1.25,3.65
Noni,Madueke,1,3,6.8,72,3,1,8,1205,3.2,101.3,9,0,9,0.8,2.8,1.23,2.86
Gabriel,Martinelli Silva,1,3,6.8,57,1,5,2,1065,2.0,79.0,8,0,3,0.9,1.9,4.12,1.27
Leandro,Trossard,1,3,6.6,119,6,6,11,1997,4.5,158.3,15,0,11,1.8,3.8,5.60,3.59
Declan,Rice,1,3,7.2,184,4,9,18,3093,3.2,215.4,25,0,23,23.3,5.1,3.15,7.32
Mikel,Merino Zazón,1,3,5.3,67,4,3,4,1024,0.2,73.6,10,0,5,0.7,3.0,3.36,1.45
Fábio,Ferreira Vieira,1,3,5.4,0,0,0,0,0,0.0,0.0,0,0,0,0.0,0.0,0.00,0.00
Christian,Nørgaard,1,3,5.1,7,0,0,0,101,0.2,4.0,1,0,0,0.1,1.0,0.08,0.04
Ethan,Nwaneri,1,3,5.0,8,0,0,1,165,0.0,5.4,0,0,0,0.1,1.3,0.23,0.08
Martín,Zubimendi Ibáñez,1,3,4.9,133,5,1,16,2991,1.2,126.2,25,0,9,2.7,3.5,2.84,2.27
Ismeal,Kabia,1,3,4.5,0,0,0,0,0,0.0,0.0,0,0,0,0.1,0.0,0.00,0.00
Albert,Sambi Lokonga,1,3,4.5,0,0,0,0,0,0.0,0.0,0,0,0,0.0,0.0,0.00,0.00
Kai,Havertz,1,4,7.3,36,2,3,4,577,3.2,49.9,4,0,3,0.7,3.0,3.31,0.64
Gabriel,Fernando de Jesus,1,4,6.4,24,3,0,1,418,1.5,47.5,6,0,0,0.4,1.7,2.71,0.26
Eberechi,Eze,1,3,7.3,113,7,3,11,1885,2.5,115.1,14,0,8,8.7,3.4,5.18,2.66
Cristhian,Mosquera,1,2,5.3,40,0,0,3,986,2.8,32.9,8,0,1,0.3,2.0,0.10,0.63
Viktor,Gyökeres,1,4,9.1,128,14,1,12,2217,5.0,157.5,14,0,16,16.4,3.6,12.26,1.94
Max,Dowman,1,3,4.2,16,1,1,1,152,1.0,16.6,1,0,0,0.9,2.7,1.19,0.30
Andre,Harriman-Annous,1,3,4.4,0,0,0,0,0,0.0,0.0,0,0,0,0.0,0.0,0.00,0.00
Piero,Hincapié,1,2,5.1,87,1,2,5,1787,0.8,70.9,19,0,7,0.9,3.5,0.36,1.67
Marli,Salmon,1,2,4.0,0,0,0,0,0,0.0,0.0,0,0,0,0.0,0.0,0.00,0.00
Emiliano,Martínez Romero,2,1,5.0,120,0,1,7,2835,2.5,79.2,39,95,11,4.4,3.8,0.00,0.08
Marco,Bizot,2,1,4.2,16,0,0,1,585,0.5,13.9,10,19,0,0.4,2.3,0.00,0.00
Joe,Gauci,2,1,4.0,0,0,0,0,0,0.0,0.0,0,0,0,0.1,0.0,0.00,0.00
Filip,Marschall,2,1,4.0,0,0,0,0,0,0.0,0.0,0,0,0,0.0,0.0,0.00,0.00
Matty,Cash,2,2,4.6,117,3,3,8,3016,1.8,137.5,38,0,7,7.4,3.3,1.14,2.94
Lucas,Digne,2,2,4.5,97,0,7,7,1842,1.2,98.5,23,0,5,1.5,3.1,0.67,3.28
Ezri,Konsa Ngoyo,2,2,4.4,100,0,1,9,3035,0.5,84.0,44,0,3,7.0,2.9,1.27,0.59
Ian,Maatsen,2,2,4.2,54,0,1,2,1590,2.0,94.3,27,0,1,0.5,1.8,1.26,2.39
Tyrone,Mings,2,2,4.3,50,0,1,3,1322,1.2,46.8,23,0,4,0.6,2.9,1.30,0.42
Pau,Torres,2,2,4.3,64,0,2,5,1673,1.2,45.1,19,0,2,0.3,3.0,1.33,0.39
Andrés,García,2,2,3.9,5,0,0,0,83,0.2,2.3,3,0,0,0.2,0.8,0.00,0.01
Álex,Moreno Lopera,2,2,4.0,0,0,0,0,0,0.0,0.0,0,0,0,1.5,0.0,0.00,0.00
Lamare,Bogarde,2,2,4.0,40,0,0,2,1042,1.0,20.6,17,0,4,0.5,1.4,0.00,0.20
Lino,da Cruz Sousa,2,2,3.8,0,0,0,0,0,0.0,0.0,0,0,0,0.2,0.0,0.00,0.00
Yasin,Özcan,2,2,4.0,0,0,0,0,0,0.0,0.0,0,0,0,0.1,0.0,0.00,0.00
Morgan,Rogers,2,3,7.3,169,10,8,9,3280,3.8,232.0,48,0,17,20.2,4.6,6.84,4.32
Youri,Tielemans,2,3,5.9,68,0,4,4,1857,2.2,113.1,27,0,3,0.7,2.7,1.14,3.26
Leon,Bailey,2,3,5.5,21,0,2,0,450,1.8,30.1,9,0,0,0.1,1.6,0.50,1.46
Emiliano,Buendía Stati,2,3,5.3,102,6,2,3,1753,3.8,121.4,24,0,10,0.4,2.8,3.38,2.23
Samuel,Iling-Junior,2,3,5.5,0,0,0,0,0,0.0,0.0,0,0,0,0.0,0.0,0.00,0.00
Donyell,Malen,2,3,5.1,55,4,2,1,640,0.0,56.3,10,0,3,0.4,2.6,4.03,0.35
John,McGinn,2,3,5.3,103,5,4,8,2136,3.0,137.3,28,0,6,0.7,3.4,3.00,4.11
Ross,Barkley,2,3,4.8,56,3,2,1,844,4.0,58.1,15,0,5,0.1,2.7,1.58,1.26
Enzo,Barrenechea,2,3,5.0,0,0,0,0,0,0.0,0.0,0,0,0,0.0,0.0,0.00,0.00
Lewis,Dobbin,2,3,5.0,0,0,0,0,0,0.0,0.0,0,0,0,0.0,0.0,0.00,0.00
Boubacar,Kamara,2,3,4.9,61,1,3,5,1410,0.0,64.2,15,0,7,0.2,3.4,0.53,0.84
Amadou,Onana,2,3,4.8,76,2,0,6,1755,0.2,74.4,26,0,4,0.6,3.0,1.68,0.69
Ben,Broggio,2,3,4.4,0,0,0,0,0,0.0,0.0,0,0,0,0.2,0.0,0.00,0.00
Leander,Dendoncker,2,3,4.5,0,0,0,0,0,0.0,0.0,0,0,0,0.1,0.0,0.00,0.00
Jamaldeen,Jimoh-Aloba,2,3,4.5,1,0,0,0,8,0.0,0.1,0,0,0,0.1,1.0,0.00,0.00
Kadan,Young,2,3,4.3,0,0,0,0,0,0.0,0.0,0,0,0,0.5,0.0,0.00,0.00
Ollie,Watkins,2,4,8.7,167,16,4,9,2833,9.5,225.2,38,0,26,13.0,4.5,15.40,1.18
Zépiqueno,Redmond,2,4,4.5,0,0,0,0,0,0.0,0.0,0,0,0,0.3,0.0,0.00,0.00
Harvey,Elliott,2,3,5.1,5,0,0,0,110,0.0,7.4,2,0,0,0.2,1.0,0.29,0.08
Jadon,Sancho,2,3,5.8,37,0,2,2,863,0.8,61.6,10,0,0,0.2,1.6,0.61,1.87
James,Wright,2,1,3.9,0,0,0,0,0,0.0,0.0,0,0,0,0.6,0.0,0.00,0.00
Douglas Luiz,Soares de Paulo,2,3,4.9,35,1,1,1,913,1.0,59.1,15,0,0,0.1,1.7,0.53,1.42
Triston,Rowe,2,2,4.0,0,0,0,0,0,0.0,0.0,0,0,0,0.1,0.0,0.00,0.00
Bradley,Burrowes,2,3,4.3,1,0,0,0,16,0.0,0.0,1,0,0,0.1,1.0,0.00,0.00
Sam,Proctor,2,1,3.9,0,0,0,0,0,0.0,0.0,0,0,0,0.6,0.0,0.00,0.00
Travis,Patterson,2,2,3.9,0,0,0,0,0,0.0,0.0,0,0,0,0.2,0.0,0.00,0.00
Victor,Lindelöf,2,2,4.5,29,0,1,1,942,1.2,22.7,15,0,0,0.1,1.7,0.28,0.10
George,Hemmings,2,3,4.5,2,0,0,0,25,0.0,0.3,0,0,0,0.0,1.0,0.04,0.01
Ronnie,Hollingshead,2,1,4.0,0,0,0,0,0,0.0,0.0,0,0,0,0.0,0.0,0.00,0.00
Leon,Routh,2,2,4.0,0,0,0,0,0,0.0,0.0,0,0,0,0.0,0.0,0.00,0.00
TJ,Carroll,2,2,4.0,0,0,0,0,0,0.0,0.0,0,0,0,0.0,0.0,0.00,0.00
Alysson Edward Franco,da Rocha dos Santos,2,3,5.0,3,0,0,0,47,0.0,1.5,2,0,0,0.0,1.0,0.05,0.05
Tammy,Abraham,2,4,5.7,23,2,0,0,278,0.2,27.1,8,0,2,0.2,1.9,2.05,0.36
Max,Weiß,3,1,4.2,7,0,0,0,270,1.8,8.7,4,10,0,0.2,2.3,0.00,0.00
Etienne,Green,3,1,4.0,0,0,0,0,0,0.0,0.0,0,0,0,0.2,0.0,0.00,0.00
Václav,Hladký,3,1,3.9,0,0,0,0,0,0.0,0.0,0,0,0,0.1,0.0,0.00,0.00
Connor,Roberts,3,2,4.3,0,0,0,0,0,0.0,0.0,0,0,0,0.0,0.0,0.00,0.00
Kyle,Walker,3,2,4.4,70,0,2,4,3095,1.5,77.4,66,0,3,1.2,1.9,0.15,1.29
Hannes,Delcroix,3,2,3.8,0,0,0,0,0,0.0,0.0,0,0,0,0.2,0.0,0.00,0.00
Owen,Dodgson,3,2,4.0,0,0,0,0,0,0.0,0.0,0,0,0,0.0,0.0,0.00,0.00
Hjalmar,Ekdal,3,2,3.8,52,0,0,2,1539,0.8,51.7,34,0,2,0.7,2.7,0.25,0.32
Maxime,Estève,3,2,3.8,85,0,0,3,2933,2.0,93.7,70,0,0,7.0,2.5,0.73,0.59
Quilindschy,Hartman,3,2,4.0,63,0,6,3,1825,0.2,79.5,40,0,0,0.6,3.0,0.32,1.98
Bashir,Humphreys,3,2,3.9,47,0,2,2,1574,0.8,61.4,33,0,1,0.1,2.4,0.42,0.68
Jordan,Beyer,3,2,3.9,0,0,0,0,0,0.0,0.0,0,0,0,0.1,0.0,0.00,0.00
Lucas,Pires Silva,3,2,3.8,25,0,0,1,1405,1.2,65.6,30,0,0,0.3,1.2,0.60,1.46
Shurandy,Sambo,3,2,4.0,0,0,0,0,0,0.0,0.0,0,0,0,0.0,0.0,0.00,0.00
Oliver,Sonne,3,2,3.8,13,1,0,0,164,0.0,9.2,4,0,0,0.2,1.9,0.55,0.08
Axel,Tuanzebe,3,2,3.9,34,1,0,1,1201,1.8,34.1,26,0,0,0.9,2.4,0.61,0.12
Joe,Worrall,3,2,3.8,20,0,0,0,496,0.0,17.0,11,0,0,0.2,1.8,0.08,0.02
Jaidon,Anthony,3,3,5.0,127,8,4,4,2717,4.0,175.8,59,0,6,2.4,3.4,5.11,2.85
Manuel,Benson Hedilazio,3,3,5.4,0,0,0,0,0,0.0,0.0,0,0,0,0.0,0.0,0.00,0.00
Jacob,Bruun Larsen,3,3,5.2,41,0,1,3,1014,0.8,47.4,29,0,0,0.0,1.5,1.37,1.16
Enock,Agyei,3,3,4.7,0,0,0,0,0,0.0,0.0,0,0,0,0.0,0.0,0.00,0.00
Darko,Churlinov,3,3,4.9,0,0,0,0,0,0.0,0.0,0,0,0,0.0,0.0,0.00,0.00
Josh,Cullen,3,3,4.9,70,2,2,3,1513,0.0,66.0,29,0,8,0.8,3.9,0.94,1.36
Marcus,Edwards,3,3,4.7,51,1,3,1,1058,0.2,68.9,18,0,2,0.1,2.2,1.49,1.84
Hannibal,Mejbri,3,3,4.7,59,1,5,2,1219,1.8,71.0,27,0,4,0.1,2.2,0.91,2.08
Luca,Koleosho,3,3,5.0,0,0,0,0,0,0.0,0.0,0,0,0,0.0,0.0,0.00,0.00
Josh,Laurent,3,3,4.8,56,1,0,2,1752,0.8,58.6,41,0,1,0.0,1.7,0.87,0.48
Loum,Tchaouna,3,3,4.8,59,2,2,2,1259,4.2,59.3,24,0,0,0.0,2.0,1.27,0.91
Aaron,Ramsey,3,3,4.4,0,0,0,0,0,0.0,0.0,0,0,0,1.4,0.0,0.00,0.00
Oluwaseun,Adewumi,3,3,4.5,0,0,0,0,0,0.0,0.0,0,0,0,0.0,0.0,0.00,0.00
Jaydon,Banel,3,3,4.5,1,0,0,0,9,0.0,0.0,0,0,0,0.0,1.0,0.00,0.00
Mike,Trésor Ndayishimiye,3,3,4.3,6,0,0,0,37,0.0,2.4,2,0,0,0.1,1.0,0.00,0.00
Zian,Flemming,3,4,5.3,99,11,0,3,1764,4.2,114.9,35,0,11,0.8,3.4,7.94,0.41
Zeki,Amdouni,3,4,4.8,4,0,0,0,69,1.0,2.6,0,0,0,0.0,1.0,0.24,0.02
Lyle,Foster,3,4,4.9,58,3,2,4,1361,0.2,62.1,30,0,4,0.7,2.2,3.22,0.37
Ashley,Barnes,3,4,4.2,5,0,0,0,40,0.0,4.8,3,0,0,1.2,0.9,0.25,0.04
Michael,Obafemi,3,4,4.4,0,0,0,0,0,0.0,0.0,0,0,0,0.1,0.0,0.00,0.00
Martin,Dúbravka,3,1,4.0,96,0,0,4,3150,0.5,97.9,71,127,7,25.7,2.7,0.00,0.04
James,Ward-Prowse,3,3,5.6,40,0,1,2,1092,1.2,62.1,27,0,0,0.2,2.2,0.24,1.87
Lesley,Ugochukwu,3,3,5.0,97,3,3,3,2330,2.2,80.2,51,0,5,0.1,2.8,2.50,0.41
Armando,Broja,3,4,5.2,43,1,1,1,843,0.2,38.5,27,0,2,0.1,1.8,2.14,0.22
Florentino Ibrain,Morris Luís,3,3,5.0,84,0,2,2,2100,3.2,71.4,45,0,0,0.0,2.7,0.64,0.52
Oliver,Pimlott,3,3,4.5,0,0,0,0,0,0.0,0.0,0,0,0,0.0,0.0,0.00,0.00
George,Brierley,3,3,4.5,0,0,0,0,0,0.0,0.0,0,0,0,0.0,0.0,0.00,0.00
Kian,McMahon-Brown,3,3,4.5,0,0,0,0,0,0.0,0.0,0,0,0,0.0,0.0,0.00,0.00
Norberto,Murara Neto,4,1,4.5,0,0,0,0,0,0.0,0.0,0,0,0,0.1,0.0,0.00,0.00
Đorđe,Petrović,4,1,4.6,124,0,0,11,3420,4.5,82.4,54,109,5,5.2,3.3,0.00,0.00
Will,Dennis,4,1,4.0,0,0,0,0,0,0.0,0.0,0,0,0,0.7,0.0,0.00,0.00
Callan,McKenna,4,1,3.9,0,0,0,0,0,0.0,0.0,0,0,0,0.2,0.0,0.00,0.00
Alex,Paulsen,4,1,4.0,0,0,0,0,0,0.0,0.0,0,0,0,0.1,0.0,0.00,0.00
Illia,Zabarnyi,4,2,5.0,0,0,0,0,0,0.0,0.0,0,0,0,0.0,0.0,0.00,0.00
Marcos,Senesi Barón,4,2,5.2,175,0,6,11,3288,7.0,168.6,53,0,14,22.0,4.7,1.53,4.72
Adam,Smith,4,2,4.4,58,0,2,6,1073,4.8,27.1,16,0,4,0.2,2.6,0.00,0.23
Adrien,Truffert,4,2,4.8,165,1,6,11,3378,6.5,162.6,51,0,19,5.3,4.3,1.35,3.07
Matai,Akinmboni,4,2,3.8,0,0,0,0,0,0.0,0.0,0,0,0,0.2,0.0,0.00,0.00
Owen,Bevan,4,2,3.8,0,0,0,0,0,0.0,0.0,0,0,0,0.2,0.0,0.00,0.00
James,Hill,4,2,4.2,110,0,3,8,2102,5.0,86.3,24,0,4,7.4,3.8,0.89,1.16
Julián,Araujo Zúñiga,4,2,3.8,0,0,0,0,0,0.0,0.0,0,0,0,0.5,0.0,0.00,0.00
Chris,Mepham,4,2,4.0,0,0,0,0,0,0.0,0.0,0,0,0,0.1,0.0,0.00,0.00
Julio,Soler Barreto,4,2,3.9,3,0,0,0,34,0.0,0.6,2,0,0,0.2,1.0,0.00,0.00
Justin,Kluivert,4,3,6.9,41,2,0,4,945,0.2,58.8,19,0,3,0.6,2.0,2.31,1.55
Marcus,Tavernier,4,3,5.3,137,7,4,11,2732,4.2,207.9,44,0,14,4.2,4.0,9.06,4.60
Tyler,Adams,4,3,4.9,77,2,2,7,1769,2.8,66.3,28,0,3,0.3,3.1,0.63,0.63
David,Brooks,4,3,5.0,59,1,3,5,1188,1.5,104.1,20,0,4,0.2,1.9,5.81,3.40
Ryan,Christie,4,3,4.9,47,2,1,3,978,-0.2,64.7,14,0,2,0.1,1.8,1.81,0.79
Lewis,Cook,4,3,4.9,40,0,1,1,872,0.5,40.6,19,0,0,0.0,2.2,0.07,0.52
Philip,Billing,4,3,4.9,0,0,0,0,0,0.0,0.0,0,0,0,0.0,0.0,0.00,0.00
Alex,Scott,4,3,4.9,136,3,2,11,2848,2.8,139.0,41,0,9,2.1,3.7,3.80,2.94
Luis,Sinisterra Lucumí,4,3,5.0,0,0,0,0,0,0.0,0.0,0,0,0,0.0,0.0,0.00,0.00
Romain,Faivre,4,3,4.5,0,0,0,0,0,0.0,0.0,0,0,0,0.1,0.0,0.00,0.00
Hamed,Traorè,4,3,4.5,4,0,1,0,16,0.0,3.1,2,0,0,0.3,4.0,0.00,0.00
Dominic,Sadi,4,3,4.5,0,0,0,0,0,0.0,0.0,0,0,0,0.0,0.0,0.00,0.00
Zain,Silcott-Duberry,4,3,4.4,0,0,0,0,0,0.0,0.0,0,0,0,0.1,0.0,0.00,0.00
Ben,Winterburn,4,3,4.5,1,0,0,0,6,0.0,0.0,2,0,0,0.0,1.0,0.00,0.00
Francisco Evanilson,de Lima Barbosa,4,4,6.6,115,6,7,11,2741,2.5,155.5,40,0,6,2.4,3.2,10.64,1.48
Enes,Ünal,4,4,5.4,27,1,0,0,214,1.0,19.1,3,0,1,0.0,1.2,2.00,0.07
Daniel,Adu-Adjei,4,4,4.4,0,0,0,0,0,0.0,0.0,0,0,0,0.1,0.0,0.00,0.00
Junior,Kroupi,4,4,4.7,113,13,0,10,1663,4.5,139.9,21,0,13,7.6,3.4,8.31,1.51
Ben,Gannon-Doak,4,3,4.8,11,0,1,0,105,0.5,8.9,1,0,0,0.0,1.4,0.26,0.13
Bafodé,Diakité,4,2,4.1,46,0,0,4,1275,0.0,34.4,27,0,2,0.3,2.6,0.02,0.19
Remy,Rees-Dottin,4,3,4.3,0,0,0,0,0,0.0,0.0,0,0,0,0.2,0.0,0.00,0.00
Amine,Adli,4,3,5.4,67,3,2,3,1074,0.8,76.1,17,0,4,0.2,2.2,2.60,1.62
Álex,Jiménez Sánchez,4,2,4.5,74,1,2,6,2315,1.5,85.9,39,0,2,0.1,2.4,1.09,1.73
Veljko,Milosavljevic,4,2,4.4,19,0,0,1,367,0.0,12.2,6,0,0,0.0,2.7,0.15,0.19
Malcom,DaCosta,4,3,4.5,0,0,0,0,0,0.0,0.0,0,0,0,0.0,0.0,0.00,0.00
Fraser,Forster,4,1,4.0,0,0,0,0,0,0.0,0.0,0,0,0,0.0,0.0,0.00,0.00
Charlie,Stevens,4,3,4.5,0,0,0,0,0,0.0,0.0,0,0,0,0.0,0.0,0.00,0.00
Alex,Tóth,4,3,4.9,8,0,0,0,135,0.5,9.6,3,0,0,0.0,0.9,0.11,0.33
Christos,Mandas,4,1,4.0,0,0,0,0,0,0.0,0.0,0,0,0,0.0,0.0,0.00,0.00
Rayan Vitor,Simplício Rocha,4,3,5.4,67,5,2,6,1110,5.5,75.3,10,0,3,2.3,4.5,2.67,1.84
Reiss,Nelson,5,3,4.8,13,0,1,0,118,0.2,10.0,2,0,0,0.1,1.3,0.71,0.11
Dango,Ouattara,5,3,5.6,136,7,8,6,2271,6.0,162.8,35,0,16,1.6,4.2,7.94,4.12
Caoimhín,Kelleher,5,1,4.8,143,0,0,10,3330,4.8,93.8,49,109,11,12.0,3.9,0.00,0.22
Ellery,Balcombe,5,1,3.9,0,0,0,0,0,0.0,0.0,0,0,0,0.2,0.0,0.00,0.00
Matthew,Cox,5,1,3.9,0,0,0,0,0,0.0,0.0,0,0,0,0.1,0.0,0.00,0.00
Julian,Eyestone,5,1,3.9,0,0,0,0,0,0.0,0.0,0,0,0,0.1,0.0,0.00,0.00
Hákon Rafn,Valdimarsson,5,1,3.8,1,0,0,0,90,0.0,1.3,3,1,0,1.0,1.0,0.00,0.00
Nathan,Collins,5,2,4.9,129,1,2,9,2971,3.2,131.9,44,0,7,2.4,3.7,2.24,1.71
Keane,Lewis-Potter,5,2,4.8,115,3,4,9,1960,4.5,106.4,32,0,5,1.5,3.2,3.01,2.51
Kristoffer,Ajer,5,2,4.4,76,0,2,5,1805,1.5,62.7,32,0,1,0.2,2.8,0.69,0.73
Rico,Henry,5,2,4.3,52,0,2,4,1322,0.0,26.9,22,0,0,0.1,2.1,0.18,0.54
Michael,Kayode,5,2,4.6,113,1,2,10,3258,2.0,121.7,49,0,9,1.0,3.1,1.28,2.89
Ethan,Pinnock,5,2,4.2,14,0,0,1,318,0.0,12.3,5,0,2,0.1,3.5,0.01,0.06
Mads,Roerslev Rasmussen,5,2,4.5,0,0,0,0,0,0.0,0.0,0,0,0,0.0,0.0,0.00,0.00
Sepp,van den Berg,5,2,4.4,113,0,3,8,2761,3.5,106.3,41,0,3,1.0,3.5,3.36,1.45
Benjamin,Arthur,5,2,3.8,0,0,0,0,0,0.0,0.0,0,0,0,0.2,0.0,0.00,0.00
Benjamin,Fredrick,5,2,4.0,0,0,0,0,0,0.0,0.0,0,0,0,0.1,0.0,0.00,0.00
Aaron,Hickey,5,2,4.0,37,0,0,2,679,1.0,16.0,9,0,0,0.3,1.8,0.44,0.17
Kim,Ji-soo,5,2,3.9,0,0,0,0,0,0.0,0.0,0,0,0,0.1,0.0,0.00,0.00
Jayden,Meghoma,5,2,4.0,0,0,0,0,0,0.0,0.0,0,0,0,0.0,0.0,0.00,0.00
Kevin,Schade,5,3,6.8,125,8,5,11,2744,3.2,172.8,34,0,5,1.3,3.6,12.08,2.05
Mikkel,Damsgaard,5,3,5.6,113,4,4,5,2046,4.5,155.0,32,0,9,0.8,3.4,2.61,5.43
Antoni,Milambo,5,3,5.2,1,0,0,0,45,0.0,0.6,3,0,0,0.0,1.0,0.00,0.01
Fábio,Freitas Gouveia Carvalho,5,3,4.6,13,1,0,0,100,0.0,8.1,4,0,1,0.1,2.2,0.70,0.03
Jordan,Henderson,5,3,5.0,76,1,3,6,1911,0.2,74.4,28,0,5,0.3,2.4,0.33,2.31
Vitaly,Janelt,5,3,4.9,74,1,4,5,1434,1.0,79.0,21,0,6,0.1,3.0,0.82,2.27
Mathias,Jensen,5,3,4.9,98,3,2,9,2239,2.8,126.9,33,0,1,0.1,2.7,2.21,6.06
Gustavo,Nunes Fernandes Gomes,5,3,4.9,0,0,0,0,0,0.0,0.0,0,0,0,0.0,0.0,0.00,0.00
Frank,Onyeka,5,3,4.8,12,0,2,0,88,0.0,4.6,2,0,0,0.0,2.0,0.00,0.36
Yehor,Yarmoliuk,5,3,5.0,104,1,3,8,2652,3.2,83.4,42,0,1,0.1,2.8,1.22,1.39
Romelle,Donovan,5,3,4.4,4,0,0,0,38,0.0,4.2,0,0,0,0.1,1.0,0.09,0.01
Yunus Emre,Konak,5,3,4.3,0,0,0,0,0,0.0,0.0,0,0,0,0.1,0.0,0.00,0.00
Paris,Maghoma,5,3,4.5,0,0,0,0,0,0.0,0.0,0,0,0,0.0,0.0,0.00,0.00
Myles,Peart-Harris,5,3,4.4,1,0,0,0,1,0.0,0.0,0,0,0,0.0,1.0,0.00,0.00
Ryan,Trevitt,5,3,4.5,0,0,0,0,0,0.0,0.0,0,0,0,0.0,0.0,0.00,0.00
Igor Thiago,Nascimento Rodrigues,5,4,7.2,181,22,1,10,3282,3.0,256.9,50,0,22,30.2,4.8,20.60,1.83
Iwan,Morgan,5,4,4.4,0,0,0,0,0,0.0,0.0,0,0,0,0.3,0.0,0.00,0.00
Josh,Dasilva,5,3,4.9,2,0,0,0,2,0.5,1.6,0,0,0,0.0,1.0,0.08,0.00
Kaye,Furo,5,4,4.5,1,0,0,0,1,0.2,0.0,0,0,0,0.0,1.0,0.00,0.00
Luka,Bentt,5,3,4.5,0,0,0,0,0,0.0,0.0,0,0,0,0.0,0.0,0.00,0.00
Ollie,Shield,5,2,4.0,0,0,0,0,0,0.0,0.0,0,0,0,0.0,0.0,0.00,0.00
Joshua,Stephenson,5,2,4.0,0,0,0,0,0,0.0,0.0,0,0,0,0.0,0.0,0.00,0.00
Conor,McManus,5,2,4.0,0,0,0,0,0,0.0,0.0,0,0,0,0.0,0.0,0.00,0.00
Riley,Owen,5,3,4.5,0,0,0,0,0,0.0,0.0,0,0,0,0.0,0.0,0.00,0.00
Jason,Steele,6,1,4.2,0,0,0,0,0,0.0,0.0,0,0,0,0.2,0.0,0.00,0.00
Bart,Verbruggen,6,1,4.6,130,0,0,10,3420,3.0,94.7,46,106,6,9.3,3.4,0.00,0.06
Tom,McGill,6,1,3.9,0,0,0,0,0,0.0,0.0,0,0,0,0.3,0.0,0.00,0.00
Carl,Rushworth,6,1,4.0,0,0,0,0,0,0.0,0.0,0,0,0,0.0,0.0,0.00,0.00
Kjell,Scherpen,6,1,4.0,0,0,0,0,0,0.0,0.0,0,0,0,0.0,0.0,0.00,0.00
Olivier,Boscagli,6,2,4.2,39,0,1,3,799,0.2,31.1,10,0,4,0.1,3.2,0.05,0.47
Diego,Coppola,6,2,4.2,10,0,0,1,193,0.0,4.8,3,0,0,0.0,2.0,0.00,0.01
Maxim,De Cuyper,6,2,4.3,84,2,3,5,1404,4.5,99.9,23,0,9,1.7,2.8,1.66,4.08
Lewis,Dunk,6,2,4.5,100,1,1,7,2837,4.5,98.7,40,0,5,1.0,3.0,1.83,0.56
Pervis,Estupiñán Tenorio,6,2,4.5,0,0,0,0,0,0.0,0.0,0,0,0,0.0,0.0,0.00,0.00
Ferdi,Kadıoğlu,6,2,4.5,118,1,2,10,3130,2.5,123.7,41,0,7,1.4,3.2,2.06,3.31
Igor Julio,dos Santos de Paulo,6,2,4.5,6,0,0,0,103,0.0,3.6,3,0,0,0.1,1.5,0.00,0.00
Tariq,Lamptey,6,2,4.4,0,0,0,0,0,0.0,0.0,0,0,0,0.1,0.0,0.00,0.00
Jan Paul,van Hecke,6,2,4.7,148,3,3,10,3210,2.8,152.0,44,0,8,10.7,4.1,3.31,1.57
Joël,Veltman,6,2,4.3,46,1,0,2,1047,2.0,39.6,13,0,1,0.1,1.9,1.15,0.20
Adam,Webster,6,2,4.4,0,0,0,0,0,0.0,0.0,0,0,0,0.0,0.0,0.00,0.00
Eiran,Cashin,6,2,4.0,0,0,0,0,0,0.0,0.0,0,0,0,0.0,0.0,0.00,0.00
Jacob,Slater,6,2,4.0,0,0,0,0,0,0.0,0.0,0,0,0,0.1,0.0,0.00,0.00
Charlie,Tasker,6,2,3.8,0,0,0,0,0,0.0,0.0,0,0,0,0.2,0.0,0.00,0.00
Mitoma,Kaoru,6,3,6.1,62,3,1,5,1714,0.2,112.3,20,0,2,1.9,2.5,4.04,2.74
Georginio,Rutter,6,3,5.6,87,3,5,7,1776,1.0,113.5,20,0,2,0.3,2.7,2.90,2.90
Solly,March,6,3,5.8,4,0,0,0,38,0.8,3.2,1,0,0,0.0,1.0,0.04,0.02
Yankuba,Minteh,6,3,5.5,117,3,8,11,2389,3.8,180.3,33,0,9,2.5,3.4,3.81,5.06
Julio,Enciso Espínola,6,3,5.4,0,0,0,0,0,0.0,0.0,0,0,0,0.0,0.0,0.00,0.00
Brajan,Gruda,6,3,5.4,35,1,1,2,708,0.0,50.0,11,0,2,0.0,1.9,1.86,0.88
Jack,Hinshelwood,6,3,5.2,91,4,5,7,1736,5.0,94.8,23,0,2,1.6,3.4,4.94,2.34
Matt,O'Riley,6,3,5.5,16,1,0,1,202,0.0,19.6,3,0,2,0.3,2.7,1.21,0.18
Abdallah,Sima,6,3,5.4,0,0,0,0,0,0.0,0.0,0,0,0,0.0,0.0,0.00,0.00
Yasin,Ayari,6,3,4.8,98,3,4,6,1921,0.5,84.5,24,0,7,0.4,3.4,2.70,1.15
Carlos,Baleba,6,3,4.5,56,0,0,7,1646,2.8,36.8,19,0,0,1.5,1.8,0.78,0.72
Diego,Gómez Amarilla,6,3,4.9,97,5,1,8,2117,0.5,119.0,29,0,9,0.4,3.0,6.24,1.72
James,Milner,6,3,4.9,35,1,1,2,772,0.2,34.7,17,0,0,0.1,1.8,1.03,0.66
Jeremy,Sarmiento Morante,6,3,4.9,0,0,0,0,0,0.0,0.0,0,0,0,0.0,0.0,0.00,0.00
Tom,Watson,6,3,4.8,5,0,0,0,57,0.0,1.6,2,0,0,0.0,0.8,0.04,0.03
Mats,Wieffer,6,3,4.8,94,2,4,6,1901,0.8,97.7,26,0,6,0.3,3.6,1.92,1.86
Malick,Yalcouyé,6,3,5.0,0,0,0,0,0,0.0,0.0,0,0,0,0.0,0.0,0.00,0.00
Joe,Knight,6,3,4.4,1,0,0,0,1,0.0,0.0,0,0,0,0.1,1.0,0.00,0.00
Adrian,Mazilu,6,3,4.5,0,0,0,0,0,0.0,0.0,0,0,0,0.0,0.0,0.00,0.00
Andrew,Moran,6,3,4.5,0,0,0,0,0,0.0,0.0,0,0,0,0.0,0.0,0.00,0.00
Danny,Welbeck,6,4,6.3,126,13,1,10,2249,2.5,168.2,28,0,18,8.4,3.4,12.36,1.40
Evan,Ferguson,6,4,5.5,0,0,0,0,0,0.0,0.0,0,0,0,0.0,0.0,0.00,0.00
Stefanos,Tzimas,6,4,5.2,16,1,1,0,132,0.0,17.7,2,0,0,0.1,1.8,0.44,0.11
Charalampos,Kostoulas,6,4,4.8,35,2,1,1,351,1.0,52.4,9,0,3,0.3,1.7,2.12,0.54
Nehemiah,Oriola,6,3,4.5,1,0,0,0,1,0.0,0.0,0,0,0,0.0,1.0,0.00,0.00
Freddie,Simmonds,6,2,4.0,0,0,0,0,0,0.0,0.0,0,0,0,0.0,0.0,0.00,0.00
Pascal,Groß,6,3,5.6,78,1,6,6,1636,3.2,128.5,17,0,10,3.0,4.1,1.39,3.95
Harry,Howell,6,3,4.5,4,0,0,0,92,0.0,1.8,2,0,0,0.0,1.3,0.00,0.03
Robert,Lynch Sánchez,7,1,4.8,113,0,1,9,3040,1.2,86.7,49,98,7,10.3,3.2,0.00,0.04
Filip,Jörgensen,7,1,4.3,9,0,0,0,378,0.8,7.9,5,8,0,0.2,1.8,0.00,0.00
Mike,Penders,7,1,4.0,0,0,0,0,0,0.0,0.0,0,0,0,0.0,0.0,0.00,0.00
Gabriel,Słonina,7,1,3.8,0,0,0,0,0,0.0,0.0,0,0,0,0.1,0.0,0.00,0.00
Marc,Cucurella Saseta,7,2,6.1,104,1,4,9,2706,1.8,145.1,39,0,5,14.6,3.1,2.34,3.23
Reece,James,7,2,5.6,115,2,6,8,1957,0.5,106.1,20,0,11,6.0,4.0,1.04,3.20
Trevoh,Chalobah,7,2,5.4,136,3,1,9,2780,0.8,99.1,40,0,7,8.8,4.0,1.44,1.03
Levi,Samuels Colwill,7,2,4.7,8,0,0,0,225,2.0,8.0,4,0,0,0.2,2.7,0.00,0.12
Malo,Gusto,7,2,4.8,96,2,3,7,2255,0.2,109.8,36,0,7,1.7,2.8,1.56,2.97
Benoît,Badiashile Mukinayi,7,2,4.4,7,0,0,0,470,0.0,11.4,10,0,0,0.0,0.9,0.00,0.06
Wesley,Fofana,7,2,4.4,65,0,2,4,1718,1.2,60.4,25,0,3,0.4,2.6,0.72,0.60
Mamadou,Sarr,7,2,4.5,3,0,0,0,100,0.2,1.3,3,0,0,0.0,1.0,0.35,0.00
Tosin,Adarabioyo,7,2,4.0,34,0,0,2,788,0.0,29.3,14,0,2,0.3,2.1,0.11,0.40
Josh,Acheampong,7,2,3.7,39,1,0,2,657,0.8,24.4,13,0,5,1.8,2.3,0.62,0.13
Aarón,Anselmino,7,2,4.0,0,0,0,0,0,0.0,0.0,0,0,0,0.1,0.0,0.00,0.00
Cole,Palmer,7,3,10.3,114,10,2,3,1954,3.0,147.7,33,0,11,12.6,4.4,10.55,2.49
Pedro,Lomba Neto,7,3,7.0,125,5,7,11,2629,2.8,186.7,33,0,9,3.9,3.7,4.59,6.84
Enzo,Fernández,7,3,6.5,157,10,5,8,3114,6.0,264.6,46,0,19,12.3,4.4,11.26,7.26
Estêvão,Almeida de Oliveira Gonçalves,7,3,6.4,58,2,5,4,839,0.0,72.6,11,0,4,1.7,2.6,2.91,2.14
Jamie,Bynoe-Gittens,7,3,6.0,25,0,2,1,486,0.0,31.3,7,0,0,0.1,1.6,0.81,0.94
Christopher,Nkunku,7,3,5.9,0,0,0,0,0,0.0,0.0,0,0,0,0.1,0.0,0.00,0.00
Moisés,Caicedo Corozo,7,3,5.7,110,3,1,6,2796,2.0,109.2,47,0,10,7.1,3.3,1.45,2.38
Roméo,Lavia,7,3,4.9,13,0,0,0,374,0.2,9.5,10,0,0,0.0,1.1,0.21,0.55
Mykhailo,Mudryk,7,3,4.9,0,0,0,0,0,0.0,0.0,0,0,0,0.0,0.0,0.00,0.00
Andrey,Nascimento dos Santos,7,3,4.4,47,1,0,1,1247,3.2,47.5,18,0,3,0.3,1.7,2.00,0.88
Dário,Luís Essugo,7,3,4.3,1,0,0,0,26,0.0,1.6,1,0,0,0.1,0.3,0.00,0.01
Kendry,Páez Andrade,7,3,4.5,0,0,0,0,0,0.0,0.0,0,0,0,0.0,0.0,0.00,0.00
João Pedro,Junqueira de Jesus,7,4,7.4,177,15,9,10,2658,2.8,212.1,36,0,30,34.8,5.1,14.91,1.96
Liam,Delap,7,4,6.2,45,1,2,2,1092,0.5,47.3,18,0,1,0.9,1.6,4.54,0.23
Nicolas,Jackson,7,4,6.5,0,0,0,0,0,0.0,0.0,0,0,0,0.1,0.0,0.00,0.00
Marc,Guiu Paz,7,4,4.0,13,0,1,0,265,0.0,13.1,3,0,0,5.2,1.3,1.54,0.29
Alejandro,Garnacho Ferreyra,7,3,6.4,56,1,4,4,1261,0.2,100.5,20,0,3,0.4,2.3,3.44,3.68
Jorrel,Hato,7,2,4.6,19,0,0,0,1139,1.0,38.4,27,0,0,0.2,0.9,0.30,0.61
Landon,Emenalo,7,3,4.5,0,0,0,0,0,0.0,0.0,0,0,0,0.0,0.0,0.00,0.00
Max,Merrick,7,1,4.0,0,0,0,0,0,0.0,0.0,0,0,0,0.0,0.0,0.00,0.00
Teddy,Sharman-Lowe,7,1,4.0,0,0,0,0,0,0.0,0.0,0,0,0,0.0,0.0,0.00,0.00
Jesse,Derry,7,3,4.5,1,0,0,0,45,0.2,3.6,2,0,0,0.0,1.0,0.10,0.02
Mathis,Eboué,7,3,4.5,0,0,0,0,0,0.0,0.0,0,0,0,0.0,0.0,0.00,0.00
Ryan,Kavuma-McQueen,7,3,4.5,0,0,0,0,0,0.0,0.0,0,0,0,0.0,0.0,0.00,0.00
Shumaira,Mheuka,7,4,4.5,1,0,0,0,1,0.5,0.2,0,0,0,0.0,1.0,0.00,0.00
Dean,Henderson,8,1,5.1,131,0,0,11,3330,1.4,84.7,51,106,7,9.0,3.5,0.00,0.11
Walter,Benítez,8,1,3.9,7,0,0,1,90,0.0,2.3,0,3,0,0.3,7.0,0.00,0.00
Remi,Matthews,8,1,3.9,0,0,0,0,0,0.0,0.0,0,0,0,0.1,0.0,0.00,0.00
Daniel,Muñoz Mejía,8,2,5.9,136,4,4,10,2400,2.0,139.5,33,0,9,9.2,4.7,2.45,3.94
Maxence,Lacroix,8,2,5.2,154,1,2,11,3085,1.6,124.3,47,0,11,7.1,4.4,2.45,0.83
Tyrick,Mitchell,8,2,5.0,135,1,3,12,3253,1.8,136.0,47,0,8,2.3,3.6,1.59,2.53
Borna,Sosa,8,2,4.8,6,0,0,0,99,0.0,4.5,2,0,0,0.1,0.9,0.04,0.07
Chris,Richards,8,2,4.4,128,1,0,11,2825,1.0,107.6,42,0,5,2.2,3.9,2.42,1.56
Chadi,Riad Dnanou,8,2,4.0,20,0,1,1,550,1.2,18.3,8,0,0,0.1,2.2,0.33,0.13
Nathaniel,Clyne,8,2,3.8,17,0,1,0,592,0.4,19.2,12,0,2,0.5,1.7,0.43,0.60
Rob,Holding,8,2,4.0,0,0,0,0,0,0.0,0.0,0,0,0,0.0,0.0,0.00,0.00
Caleb,Kporha,8,2,4.0,0,0,0,0,0,0.0,0.0,0,0,0,0.0,0.0,0.00,0.00
Ismaïla,Sarr,8,3,6.4,117,9,2,9,2173,3.4,135.1,29,0,9,5.6,4.2,10.93,1.17
Cheick,Doucouré,8,3,4.9,0,0,0,0,0,0.0,0.0,0,0,0,0.0,0.0,0.00,0.00
Romain,Esse,8,3,4.7,4,0,0,0,40,0.0,1.5,0,0,0,0.1,1.0,0.00,0.04
Will,Hughes,8,3,4.7,45,0,1,5,1560,0.6,60.9,18,0,0,0.1,1.5,1.11,1.94
Daichi,Kamada,8,3,5.0,67,0,2,6,1899,1.6,74.5,28,0,0,0.1,2.4,1.64,3.24
Jefferson,Lerma Solís,8,3,4.9,69,0,5,7,1722,1.4,72.5,25,0,3,0.1,2.2,1.84,1.48
Adam,Wharton,8,3,5.0,112,1,6,8,2552,3.6,139.6,43,0,8,0.7,3.3,1.52,7.47
Asher,Agbinone,8,3,4.3,0,0,0,0,0,0.0,0.0,0,0,0,0.1,0.0,0.00,0.00
Naouirou,Ahamada,8,3,4.3,0,0,0,0,0,0.0,0.0,0,0,0,0.0,0.0,0.00,0.00
Justin,Devenny,8,3,4.3,36,1,0,1,785,1.2,38.4,15,0,0,1.1,1.7,2.38,0.39
Malcolm,Ebiowei,8,3,4.5,0,0,0,0,0,0.0,0.0,0,0,0,0.0,0.0,0.00,0.00
Jesurun,Rak-Sakyi,8,3,4.4,0,0,0,0,0,0.0,0.0,0,0,0,0.0,0.0,0.00,0.00
Matheus,França de Oliveira,8,3,4.5,0,0,0,0,0,0.0,0.0,0,0,0,0.0,0.0,0.00,0.00
David,Ozoh,8,3,4.5,0,0,0,0,0,0.0,0.0,0,0,0,0.0,0.0,0.00,0.00
Kaden,Rodney,8,3,4.4,1,0,0,0,3,0.0,0.0,0,0,0,0.1,1.0,0.00,0.00
Franco,Umeh-Chibueze,8,3,4.5,0,0,0,0,0,0.0,0.0,0,0,0,0.0,0.0,0.00,0.00
Jean-Philippe,Mateta,8,4,7.6,114,12,0,8,2210,2.8,150.8,29,0,13,8.1,3.6,14.42,1.32
Eddie,Nketiah,8,4,5.4,23,2,0,0,414,0.0,37.8,12,0,3,0.3,1.9,1.77,0.46
Odsonne,Édouard,8,4,5.0,1,0,0,0,2,0.0,0.2,0,0,0,0.2,1.0,0.00,0.00
Zach,Marsh,8,4,4.4,0,0,0,0,0,0.0,0.0,0,0,0,0.3,0.0,0.00,0.00
Brennan,Johnson,8,3,6.5,65,2,1,6,1710,1.4,75.8,24,0,2,2.4,1.9,2.45,1.31
Jørgen,Strand Larsen,8,4,5.8,75,4,1,5,2301,1.8,91.5,41,0,3,1.4,2.1,5.30,1.12
Evann,Guessand,8,3,6.2,44,1,3,2,909,0.4,42.0,15,0,0,0.0,2.1,1.56,0.85
Rio,Cardines,8,3,4.4,2,0,0,0,90,0.4,4.9,2,0,0,0.3,2.0,0.02,0.16
Yéremy,Pino Santos,8,3,5.8,77,2,2,7,2074,1.4,141.4,28,0,3,0.2,2.3,4.53,6.12
Jaydee,Canvot,8,2,4.5,72,0,0,5,1331,1.4,48.1,23,0,9,0.5,3.6,1.48,0.33
Christantus,Uche,8,4,5.5,17,0,1,0,159,0.0,8.8,4,0,0,0.1,1.2,0.49,0.01
Joél,Drakes-Thomas,8,3,4.5,2,0,0,0,7,0.0,0.3,1,0,0,0.0,1.0,0.00,0.00
Dean,Benamar,8,2,4.0,0,0,0,0,0,0.0,0.0,0,0,0,0.0,0.0,0.00,0.00
Ben,Casey,8,4,4.5,0,0,0,0,0,0.0,0.0,0,0,0,0.0,0.0,0.00,0.00
George,King,8,2,4.0,0,0,0,0,0,0.0,0.0,0,0,0,0.0,0.0,0.00,0.00
Danny,Imray,8,2,4.0,0,0,0,0,0,0.0,0.0,0,0,0,0.0,0.0,0.00,0.00
Kiernan,Dewsbury-Hall,9,3,5.3,151,8,7,8,2629,2.8,166.0,39,0,18,7.9,4.9,4.35,5.34
Tyrique,George,9,3,4.8,16,0,0,1,351,0.8,23.9,9,0,0,0.1,1.1,0.64,1.19
Jordan,Pickford,9,1,5.6,135,0,0,11,3420,1.8,90.8,50,100,11,13.0,3.6,0.00,0.20
Mark,Travers,9,1,4.2,0,0,0,0,0,0.0,0.0,0,0,0,0.1,0.0,0.00,0.00
Harry,Tyrer,9,1,3.9,0,0,0,0,0,0.0,0.0,0,0,0,0.1,0.0,0.00,0.00
Jarrad,Branthwaite,9,2,5.3,32,1,1,1,678,0.0,29.3,9,0,0,0.3,3.2,0.34,0.11
James,Tarkowski,9,2,5.8,170,2,3,11,3330,5.2,165.7,48,0,12,12.6,4.6,2.53,2.10
Vitalii,Mykolenko,9,2,4.9,95,0,1,9,2959,1.0,102.3,47,0,2,0.7,2.9,0.28,2.46
Jake,O'Brien,9,2,4.9,116,1,3,10,3118,2.0,107.5,46,0,2,0.7,3.1,1.67,1.00
Séamus,Coleman,9,2,4.2,5,0,0,0,19,0.5,2.7,1,0,0,0.1,1.0,0.00,0.17
Michael,Keane,9,2,4.5,131,3,1,7,2588,2.8,111.7,42,0,8,3.1,4.0,2.30,0.49
Nathan,Patterson,9,2,4.4,22,0,0,2,238,0.2,8.8,2,0,0,0.0,3.1,0.03,0.04
Roman,Dixon,9,2,3.8,0,0,0,0,0,0.0,0.0,0,0,0,0.2,0.0,0.00,0.00
Reece,Welch,9,2,3.8,0,0,0,0,0,0.0,0.0,0,0,0,0.1,0.0,0.00,0.00
Iliman,Ndiaye,9,3,6.3,128,6,3,8,2781,2.0,166.5,44,0,7,4.7,4.0,6.68,4.41
Dwight,McNeil,9,3,5.5,53,0,3,6,1161,0.2,52.2,9,0,1,0.1,2.4,1.37,1.91
Carlos,Alcaraz Durán,9,3,5.2,29,0,1,3,679,0.8,41.8,10,0,0,0.1,1.4,1.17,0.54
Idrissa Gana,Gueye,9,3,5.4,83,2,3,5,2094,0.0,85.1,26,0,4,0.1,3.3,1.99,1.84
James,Garner,9,3,5.2,159,2,7,11,3413,2.8,208.4,50,0,13,3.6,4.2,2.10,6.18
Tim,Iroegbunam,9,3,4.8,68,0,3,8,1477,2.2,45.9,18,0,1,0.0,2.3,0.54,0.71
Harrison,Armstrong,9,3,4.5,21,0,0,1,524,0.5,21.0,11,0,0,0.1,1.6,0.79,0.22
Callum,Bates,9,3,4.3,0,0,0,0,0,0.0,0.0,0,0,0,0.1,0.0,0.00,0.00
Coby,Ebere,9,3,4.4,0,0,0,0,0,0.0,0.0,0,0,0,0.0,0.0,0.00,0.00
Isaac,Heath,9,3,4.5,0,0,0,0,0,0.0,0.0,0,0,0,0.0,0.0,0.00,0.00
Jenson,Metcalfe,9,3,4.5,0,0,0,0,0,0.0,0.0,0,0,0,0.0,0.0,0.00,0.00
Thierno,Barry,9,4,5.7,95,8,0,7,1898,3.8,102.5,34,0,9,0.8,2.5,8.17,0.44
Norberto Bercique,Gomes Betuncal,9,4,5.1,104,9,1,5,1551,3.0,124.5,19,0,15,3.3,2.8,8.90,0.23
Youssef,Ramalho Chermiti,9,4,4.9,0,0,0,0,0,0.0,0.0,0,0,0,0.1,0.0,0.00,0.00
Martin,Sherif,9,4,4.4,0,0,0,0,0,0.0,0.0,0,0,0,0.1,0.0,0.00,0.00
Jack,Grealish,9,3,6.3,79,2,6,7,1627,0.0,129.2,23,0,12,5.6,4.0,2.05,3.37
Tom,King,9,1,3.9,0,0,0,0,0,0.0,0.0,0,0,0,1.2,0.0,0.00,0.00
Adam,Aznou,9,2,4.2,0,0,0,0,0,0.0,0.0,0,0,0,0.1,0.0,0.00,0.00
Tyler,Onyango,9,3,4.5,0,0,0,0,0,0.0,0.0,0,0,0,0.0,0.0,0.00,0.00
Elijah,Campbell,9,2,3.9,0,0,0,0,0,0.0,0.0,0,0,0,0.1,0.0,0.00,0.00
Tyler,Dibling,9,3,5.3,18,0,0,2,349,0.0,13.6,2,0,0,0.0,1.3,0.20,0.14
Merlin,Röhl,9,3,5.0,36,1,1,2,675,4.5,26.3,13,0,2,0.0,2.2,0.67,0.35
Braiden,Graham,9,4,4.5,0,0,0,0,0,0.0,0.0,0,0,0,0.0,0.0,0.00,0.00
Bernd,Leno,10,1,5.0,122,0,0,9,3420,3.5,81.5,51,98,8,2.3,3.2,0.00,0.02
Steven,Benda,10,1,4.0,0,0,0,0,0,0.0,0.0,0,0,0,0.0,0.0,0.00,0.00
Antonee,Robinson,10,2,4.9,65,1,0,4,1487,5.0,79.3,19,0,7,0.9,3.0,1.07,1.58
Joachim,Andersen,10,2,4.4,123,0,1,8,2882,0.2,107.0,45,0,8,2.8,3.7,1.43,1.83
Calvin,Bassey,10,2,4.4,103,1,1,7,2532,2.8,84.5,40,0,9,0.8,3.4,1.71,0.35
Timothy,Castagne,10,2,4.3,61,0,2,3,1838,4.0,86.2,31,0,3,0.2,2.0,1.50,1.47
Issa,Diop,10,2,4.3,31,1,0,1,812,4.5,23.0,13,0,3,0.1,2.4,0.80,0.05
Jorge,Cuenca Barreno,10,2,4.3,39,0,0,2,935,0.0,31.2,11,0,1,0.1,2.6,0.05,0.53
Kenny,Tete,10,2,4.5,81,1,0,6,1791,0.0,73.9,25,0,5,0.2,3.7,0.92,1.46
Samuel,Amissah,10,2,3.8,0,0,0,0,0,0.0,0.0,0,0,0,0.1,0.0,0.00,0.00
Alex,Iwobi,10,3,6.1,103,4,3,5,2420,1.2,159.4,40,0,13,1.1,3.6,1.91,4.70
Emile,Smith Rowe,10,3,5.6,80,3,1,6,1909,2.0,102.6,27,0,1,0.5,2.2,4.71,1.12
Andreas,Hoelgebaum Pereira,10,3,5.3,0,0,0,0,0,0.0,0.0,0,0,0,0.1,0.0,0.00,0.00
Ryan,Sessegnon,10,3,5.4,95,3,3,6,1816,0.0,86.7,29,0,8,0.1,3.5,1.60,1.80
Harry,Wilson,10,3,5.8,168,10,9,9,2674,2.2,196.9,38,0,21,17.4,4.7,5.88,4.77
Sander,Berge,10,3,4.9,91,0,3,8,2904,1.0,91.0,45,0,3,0.1,2.6,1.54,1.50
Tom,Cairney,10,3,4.8,41,2,0,2,756,2.2,41.4,10,0,1,0.0,1.7,1.21,0.81
Saša,Lukić,10,3,4.9,67,1,4,6,1730,1.8,93.4,22,0,4,0.1,2.6,2.23,1.91
Martial,Godo,10,3,4.5,0,0,0,0,0,0.0,0.0,0,0,0,0.0,0.0,0.00,0.00
Luke,Harris,10,3,4.5,0,0,0,0,0,0.0,0.0,0,0,0,0.0,0.0,0.00,0.00
Josh,King,10,3,4.4,63,1,3,5,1290,0.8,73.3,18,0,3,1.6,2.0,2.47,0.66
Harrison,Reed,10,3,4.3,15,1,0,0,89,0.5,9.7,4,0,2,0.3,2.1,0.13,0.45
Raúl,Jiménez Rodríguez,10,4,5.9,112,9,5,9,2183,1.0,153.1,28,0,7,1.8,3.1,11.58,0.90
Rodrigo,Muniz Carvalho,10,4,5.3,36,1,1,3,987,1.5,47.3,13,0,3,0.7,1.7,3.30,0.15
Oscar,Bobb,10,3,5.1,42,0,2,4,1030,1.8,66.4,13,0,0,0.2,1.8,1.47,2.10
Benjamin,Lecomte,10,1,3.9,0,0,0,0,0,0.0,0.0,0,0,0,0.7,0.0,0.00,0.00
Samuel,Chukwueze,10,3,5.3,62,3,4,2,1067,1.2,85.8,20,0,1,0.1,2.7,2.10,3.36
Kevin,Santos Lopes de Macedo,10,3,5.7,49,1,3,4,1030,1.5,70.4,15,0,0,0.1,1.9,1.21,1.47
Jonah,Kusi-Asare,10,4,4.5,6,0,0,0,49,0.5,2.3,2,0,0,0.1,0.9,0.00,0.07
Seth,Ridgeon,10,3,4.5,0,0,0,0,0,0.0,0.0,0,0,0,0.0,0.0,0.00,0.00
Alfie,McNally,10,1,4.0,0,0,0,0,0,0.0,0.0,0,0,0,0.0,0.0,0.00,0.00
Facundo,Buonanotte,11,3,4.6,3,0,0,0,81,0.2,7.4,4,0,0,0.1,0.8,0.06,0.28
Illan,Meslier,11,1,4.1,0,0,0,0,0,0.0,0.0,0,0,0,0.3,0.0,0.00,0.00
Alex,Cairns,11,1,3.9,0,0,0,0,0,0.0,0.0,0,0,0,0.1,0.0,0.00,0.00
Karl,Darlow,11,1,4.0,71,0,0,5,1980,4.2,53.4,27,63,3,6.9,3.2,0.00,0.05
Jayden,Bogle,11,2,4.4,96,1,5,6,2795,1.8,100.3,44,0,1,0.4,2.8,2.08,3.11
Pascal,Struijk,11,2,4.2,108,0,1,7,2935,0.8,113.1,48,0,4,1.9,3.2,3.06,0.76
Jaka,Bijol,11,2,3.9,99,1,3,5,1888,4.8,86.0,26,0,6,1.3,4.0,0.90,0.75
Sebastiaan,Bornauw,11,2,3.8,25,0,0,2,429,2.0,12.2,5,0,0,0.1,2.1,0.20,0.01
Sam,Byram,11,2,3.7,2,0,0,0,8,0.2,0.5,1,0,0,0.4,1.0,0.00,0.00
Gabriel,Gudmundsson,11,2,3.8,68,0,0,5,2637,0.0,96.4,45,0,8,2.5,2.1,1.10,2.89
Joe,Rodon,11,2,3.9,109,2,0,6,2952,2.2,109.1,53,0,5,3.0,3.1,1.40,0.56
Isaac,Schmidt,11,2,4.0,0,0,0,0,0,0.0,0.0,0,0,0,0.1,0.0,0.00,0.00
Brenden,Aaronson,11,3,5.4,126,4,8,9,2449,1.2,146.7,32,0,5,0.8,3.4,4.53,3.60
Wilfried,Gnonto,11,3,5.1,32,0,3,1,521,1.0,27.5,14,0,0,0.1,1.4,0.40,0.77
Jack,Harrison,11,3,5.1,12,0,0,0,262,0.0,11.5,5,0,0,0.0,1.1,0.28,0.23
Daniel,James,11,3,5.2,23,0,0,1,547,1.2,33.9,16,0,0,0.1,1.2,0.91,0.71
Ethan,Ampadu,11,3,4.9,134,1,4,8,3119,4.2,114.7,49,0,11,0.6,3.8,2.47,2.20
Sam,Greenwood,11,3,4.9,0,0,0,0,0,0.0,0.0,0,0,0,0.0,0.0,0.00,0.00
Ilia,Gruev,11,3,4.7,56,0,4,5,1318,0.0,43.2,23,0,3,0.1,2.4,0.49,0.86
Largie,Ramazani,11,3,4.9,0,0,0,0,0,0.0,0.0,0,0,0,0.0,0.0,0.00,0.00
Tanaka,Ao,11,3,4.8,67,2,1,3,1307,4.0,63.6,22,0,4,0.2,2.4,1.44,1.39
Charlie,Crew,11,3,4.5,0,0,0,0,0,0.0,0.0,0,0,0,0.0,0.0,0.00,0.00
Joe,Gelhardt,11,3,4.5,0,0,0,0,0,0.0,0.0,0,0,0,0.0,0.0,0.00,0.00
Darko,Gyabi,11,3,4.5,0,0,0,0,0,0.0,0.0,0,0,0,0.0,0.0,0.00,0.00
Joël,Piroe,11,4,4.9,17,0,0,1,244,0.5,16.5,9,0,0,0.3,1.1,0.90,0.13
Patrick,Bamford,11,4,4.9,0,0,0,0,0,0.0,0.0,0,0,0,0.3,0.0,0.00,0.00
Mateo,Joseph Fernández-Regatillo,11,4,5.0,0,0,0,0,0,0.0,0.0,0,0,0,0.0,0.0,0.00,0.00
Lukas,Nmecha,11,4,5.0,73,6,1,3,1065,1.2,87.8,23,0,8,0.5,2.4,7.25,1.58
Sean,Longstaff,11,3,4.8,56,2,2,1,1003,0.8,81.2,20,0,5,0.2,2.4,1.23,1.87
Anton,Stach,11,3,4.8,137,5,6,7,2369,3.8,188.8,36,0,14,1.7,4.7,2.88,4.47
Lucas Estella,Perri,11,1,4.4,43,0,0,3,1440,0.0,32.2,29,38,3,0.3,2.7,0.00,0.00
Dominic,Calvert-Lewin,11,4,5.8,142,14,2,8,2721,5.5,194.7,34,0,20,13.7,4.1,15.57,1.06
Noah,Okafor,11,3,5.5,109,8,3,6,1553,2.5,115.0,26,0,11,0.9,3.9,5.25,1.32
James,Justin,11,2,4.0,94,2,1,6,1893,3.2,88.3,26,0,9,2.3,3.2,1.83,1.16
Harry,Gray,11,4,4.5,0,0,0,0,0,0.0,0.0,0,0,0,0.1,0.0,0.00,0.00
Sam,Chambers,11,3,4.4,0,0,0,0,0,0.0,0.0,0,0,0,0.0,0.0,0.00,0.00
Jayden,Lienou,11,2,4.0,0,0,0,0,0,0.0,0.0,0,0,0,0.0,0.0,0.00,0.00
Rhys,Chadwick,11,3,4.5,0,0,0,0,0,0.0,0.0,0,0,0,0.0,0.0,0.00,0.00
Alfie,Cresswell,11,3,4.5,0,0,0,0,0,0.0,0.0,0,0,0,0.0,0.0,0.00,0.00
Alisson,Becker,12,1,5.4,91,0,0,8,2340,0.5,47.8,31,57,8,5.1,3.5,0.00,0.03
Giorgi,Mamardashvili,12,1,4.1,34,0,0,2,867,0.8,27.5,18,34,2,0.7,3.4,0.00,0.00
Ármin,Pécsi,12,1,3.8,0,0,0,0,0,0.0,0.0,0,0,0,0.9,0.0,0.00,0.00
Freddie,Woodman,12,1,3.9,6,0,0,0,212,0.5,8.4,4,9,0,0.3,2.0,0.00,0.00
Jeremie,Frimpong,12,2,5.7,63,0,5,5,1032,1.0,56.5,13,0,1,4.9,3.0,0.50,1.55
Milos,Kerkez,12,2,5.6,85,2,1,6,2251,1.0,99.4,37,0,4,2.9,2.5,1.50,0.69
Andrew,Robertson,12,2,5.7,55,1,0,4,1165,0.5,68.2,16,0,4,1.2,2.3,1.10,1.40
Virgil,van Dijk,12,2,6.1,175,6,1,10,3420,4.8,187.6,53,0,10,31.5,4.6,3.77,1.44
Ibrahima,Konaté,12,2,5.4,129,1,0,10,3090,1.0,106.1,45,0,8,3.8,3.6,1.19,0.98
Conor,Bradley,12,2,4.9,42,0,2,4,928,0.0,32.3,13,0,2,0.1,2.8,0.18,0.84
Joe,Gomez,12,2,4.9,33,0,2,2,594,0.2,23.2,14,0,2,0.2,1.6,0.28,0.64
Konstantinos,Tsimikas,12,2,4.8,0,0,0,0,0,0.0,0.0,0,0,0,0.0,0.0,0.00,0.00
Amara,Nallo,12,2,3.7,0,0,0,0,0,0.0,0.0,0,0,0,0.9,0.0,0.00,0.00
Rhys,Williams,12,2,3.7,0,0,0,0,0,0.0,0.0,0,0,0,0.5,0.0,0.00,0.00
Calvin,Ramsay,12,2,3.7,0,0,0,0,0,0.0,0.0,0,0,0,0.3,0.0,0.00,0.00
Mohamed,Salah,12,3,14.0,123,7,7,7,2144,1.8,207.1,35,0,11,15.2,4.6,8.23,5.44
Florian,Wirtz,12,3,8.3,125,5,4,10,2374,1.0,210.0,32,0,17,8.5,3.8,6.83,5.14
Luis,Díaz Marulanda,12,3,8.0,0,0,0,0,0,0.0,0.0,0,0,0,0.0,0.0,0.00,0.00
Cody,Gakpo,12,3,7.3,131,7,5,10,2736,3.0,208.4,39,0,5,5.6,3.6,8.35,4.67
Federico,Chiesa,12,3,6.3,37,2,1,0,317,0.8,34.9,9,0,0,0.3,1.4,1.45,0.61
Alexis,Mac Allister,12,3,6.1,108,2,5,7,2654,2.0,139.9,41,0,9,1.8,2.9,3.89,1.69
Dominik,Szoboszlai,12,3,7.1,160,6,7,9,3232,6.5,260.9,52,0,21,15.1,4.4,4.76,6.83
Curtis,Jones,12,3,5.4,81,1,3,3,1923,3.8,104.6,37,0,6,0.1,2.4,2.21,2.77
Ryan,Gravenberch,12,3,5.4,144,5,5,9,2991,4.0,140.1,42,0,17,3.7,4.0,1.89,2.26
Endo,Wataru,12,3,4.9,12,0,1,1,170,0.0,8.0,5,0,0,0.1,1.5,0.04,0.05
Stefan,Bajčetić Maquieira,12,3,4.2,0,0,0,0,0,0.0,0.0,0,0,0,0.2,0.0,0.00,0.00
James,McConnell,12,3,4.4,0,0,0,0,0,0.0,0.0,0,0,0,0.0,0.0,0.00,0.00
Tyler,Morton,12,3,4.5,0,0,0,0,0,0.0,0.0,0,0,0,0.0,0.0,0.00,0.00
Trey,Nyoni,12,3,4.3,6,0,0,0,21,0.2,2.1,1,0,0,0.3,1.0,0.37,0.02
Darwin,Núñez Ribeiro,12,4,6.5,0,0,0,0,0,0.0,0.0,0,0,0,0.1,0.0,0.00,0.00
Jayden,Danns,12,4,4.3,0,0,0,0,0,0.0,0.0,0,0,0,0.1,0.0,0.00,0.00
Alexander,Isak,12,4,10.3,41,3,1,1,694,0.2,36.9,9,0,4,3.8,2.9,2.59,0.08
Hugo,Ekitiké,12,4,9.0,125,11,4,7,1797,0.0,156.2,25,0,22,15.7,4.5,10.10,2.45
Rio,Ngumoha,12,3,4.3,43,2,1,2,547,2.8,60.1,12,0,4,1.4,2.3,1.34,2.01
Giovanni,Leoni,12,2,4.9,0,0,0,0,0,0.0,0.0,0,0,0,0.0,0.0,0.00,0.00
Kieran,Morrison,12,3,4.5,0,0,0,0,0,0.0,0.0,0,0,0,0.0,0.0,0.00,0.00
Wellity,Lucky,12,2,4.0,0,0,0,0,0,0.0,0.0,0,0,0,0.0,0.0,0.00,0.00
Will,Wright,12,4,4.5,0,0,0,0,0,0.0,0.0,0,0,0,0.0,0.0,0.00,0.00
Talla,Ndiaye,12,2,4.0,0,0,0,0,0,0.0,0.0,0,0,0,0.0,0.0,0.00,0.00
Antoine,Semenyo,13,3,8.0,202,17,6,12,3200,4.2,257.7,52,0,18,46.2,5.5,11.10,3.12
James,Trafford,13,1,4.5,13,0,0,1,360,0.4,11.9,6,14,0,0.9,3.2,0.00,0.00
Marc,Guéhi,13,2,5.1,179,3,5,14,3150,4.2,160.9,35,0,14,32.6,5.1,4.05,2.37
Ederson,Santana de Moraes,13,1,5.3,0,0,0,0,0,0.0,0.0,0,0,0,0.8,0.0,0.00,0.00
Marcus,Bettinelli,13,1,3.8,0,0,0,0,0,0.0,0.0,0,0,0,0.4,0.0,0.00,0.00
Rayan,Aït-Nouri,13,2,5.7,60,0,2,5,971,1.4,50.2,8,0,9,4.1,3.5,0.53,2.01
Joško,Gvardiol,13,2,5.8,79,2,2,6,1370,0.4,69.8,13,0,5,3.2,4.4,2.25,0.70
Manuel,Akanji,13,2,5.4,0,0,0,0,0,0.0,0.0,0,0,0,0.3,0.0,0.00,0.00
Nathan,Aké,13,2,5.2,36,0,0,3,686,1.6,32.4,9,0,1,0.6,2.0,0.72,0.53
Abdukodir,Khusanov,13,2,5.4,67,0,0,6,1427,2.2,43.9,13,0,3,0.7,3.2,0.65,1.21
Matheus,Nunes,13,2,5.3,154,1,8,12,2861,1.8,137.6,28,0,16,2.9,4.5,0.34,2.23
Rúben,dos Santos Gato Alves Dias,13,2,5.5,113,2,0,12,2139,0.2,81.0,22,0,4,3.1,4.3,0.57,0.65
John,Stones,13,2,5.4,16,0,0,1,436,0.8,13.0,10,0,0,0.6,1.8,0.00,0.09
Rico,Lewis,13,2,4.6,19,0,1,1,401,0.0,23.8,7,0,2,1.2,1.7,0.19,1.39
Nico,O'Reilly,13,2,5.3,160,5,4,14,2643,1.6,164.1,25,0,10,19.2,4.7,6.12,2.67
Vitor,de Oliveira Nunes dos Reis,13,2,5.0,0,0,0,0,0,0.0,0.0,0,0,0,0.0,0.0,0.00,0.00
Omar,Marmoush,13,3,8.3,56,3,3,4,691,3.2,64.4,5,0,5,2.9,2.7,2.78,0.77
Phil,Foden,13,3,8.0,131,7,5,11,2078,3.4,201.9,19,0,13,7.8,4.0,6.03,4.76
Sávio,Moreira de Oliveira,13,3,6.9,43,1,2,3,817,2.6,65.8,7,0,1,0.4,1.8,2.50,1.59
Bernardo,Mota Veiga de Carvalho e Silva,13,3,6.2,102,2,4,13,2869,2.2,167.8,30,0,4,0.7,2.7,2.71,4.11
Rayan,Cherki,13,3,6.5,135,4,13,8,1772,2.4,218.1,18,0,16,17.4,4.1,4.28,8.87
Jérémy,Doku,13,3,6.5,120,5,8,8,1773,6.0,202.5,18,0,15,6.6,4.0,2.87,5.86
İlkay,Gündoğan,13,3,6.3,0,0,0,0,0,0.0,0.0,0,0,0,0.1,0.0,0.00,0.00
Rodrigo 'Rodri',Hernandez Cascante,13,3,6.3,69,1,1,5,1510,1.4,90.3,15,0,6,0.5,3.3,1.15,2.45
Mateo,Kovačić,13,3,5.8,9,0,1,0,125,1.4,11.5,3,0,0,0.0,1.5,0.13,0.42
Nico,González Iglesias,13,3,5.9,63,1,0,7,1561,1.2,61.5,18,0,1,0.1,2.5,0.68,1.12
Claudio,Echeverri,13,3,5.4,0,0,0,0,0,0.0,0.0,0,0,0,0.0,0.0,0.00,0.00
Tijjani,Reijnders,13,3,5.0,92,5,3,7,1623,1.2,111.2,18,0,6,8.9,3.3,4.61,2.35
Sverre,Nypan,13,3,5.0,0,0,0,0,0,0.0,0.0,0,0,0,0.0,0.0,0.00,0.00
Kalvin,Phillips,13,3,4.7,0,0,0,0,0,0.0,0.0,0,0,0,0.1,0.0,0.00,0.00
Erling,Haaland,13,4,14.7,239,27,8,13,2953,5.4,302.3,32,0,43,62.5,6.8,25.50,2.67
Gianluigi,Donnarumma,13,1,5.6,135,0,0,15,3060,3.2,68.0,29,78,5,9.3,4.0,0.00,0.13
Divine,Mukasa,13,3,4.4,2,0,0,0,25,0.0,3.7,0,0,0,0.0,1.0,0.00,0.21
Stephen,Mfuni,13,2,3.9,0,0,0,0,0,0.0,0.0,0,0,0,0.0,0.0,0.00,0.00
Ryan,McAidoo,13,3,4.5,0,0,0,0,0,0.0,0.0,0,0,0,0.0,0.0,0.00,0.00
Charlie,Gray,13,3,4.5,0,0,0,0,0,0.0,0.0,0,0,0,0.0,0.0,0.00,0.00
Reigan,Heskey,13,3,4.5,0,0,0,0,0,0.0,0.0,0,0,0,0.0,0.0,0.00,0.00
Max,Alleyne,13,2,3.9,5,0,0,0,135,0.0,7.5,1,0,0,0.0,2.5,0.26,0.06
Bryan,Mbeumo,14,3,8.3,148,11,3,8,2611,4.8,231.4,37,0,16,15.0,4.5,11.98,4.99
Altay,Bayındır,14,1,4.7,11,0,0,0,540,0.0,12.8,11,13,0,0.3,1.8,0.00,0.05
André,Onana,14,1,4.9,0,0,0,0,0,0.0,0.0,0,0,0,0.1,0.0,0.00,0.00
Elyh,Harrison,14,1,4.0,0,0,0,0,0,0.0,0.0,0,0,0,0.0,0.0,0.00,0.00
Tom,Heaton,14,1,3.8,0,0,0,0,0,0.0,0.0,0,0,0,0.6,0.0,0.00,0.00
Dermot,Mee,14,1,3.9,0,0,0,0,0,0.0,0.0,0,0,0,0.1,0.0,0.00,0.00
Matthijs,de Ligt,14,2,4.9,43,1,0,1,1170,0.0,45.7,20,0,5,1.8,3.3,1.38,0.83
Lisandro,Martínez,14,2,4.8,51,0,0,5,1229,3.8,42.0,15,0,3,0.4,2.8,0.15,0.60
Noussair,Mazraoui,14,2,4.9,53,0,0,5,977,4.2,36.8,10,0,6,0.3,2.6,0.19,0.35
Diego,León Blanco,14,2,4.1,0,0,0,0,0,0.0,0.0,0,0,0,0.1,0.0,0.00,0.00
Diogo,Dalot Teixeira,14,2,4.5,111,1,6,7,2609,0.5,119.6,40,0,9,3.8,3.3,1.93,2.57
Patrick,Dorgu,14,2,4.1,95,4,4,4,1440,5.2,120.3,20,0,11,2.4,3.7,2.39,1.84
Harry,Maguire,14,2,4.4,90,1,2,7,1649,5.0,63.0,20,0,5,1.7,3.9,1.12,0.50
Luke,Shaw,14,2,4.5,113,1,1,10,3220,5.0,97.4,45,0,3,1.1,3.0,0.72,1.98
Leny,Yoro,14,2,4.1,56,0,1,2,1730,0.5,53.2,33,0,1,1.2,1.8,1.34,0.59
Harry,Amass,14,2,4.0,0,0,0,0,0,0.0,0.0,0,0,0,0.1,0.0,0.00,0.00
Tyler,Fredricson,14,2,3.7,1,0,0,0,2,0.0,0.4,0,0,0,0.2,1.0,0.00,0.00
Ayden,Heaven,14,2,3.7,42,0,1,2,920,0.2,29.1,15,0,3,2.6,2.5,0.34,0.18
Tyrell,Malacia,14,2,3.7,3,0,0,0,15,0.2,0.9,1,0,0,0.6,1.0,0.00,0.00
Bruno,Borges Fernandes,14,3,10.4,235,9,24,7,3065,7.8,381.4,46,0,41,48.0,6.7,10.79,12.28
Matheus,Santos Carneiro da Cunha,14,3,8.1,143,10,4,8,2493,4.5,202.5,35,0,14,8.7,4.3,6.90,3.36
Marcus,Rashford,14,3,7.0,0,0,0,0,0,0.0,0.0,0,0,0,0.0,0.0,0.00,0.00
Amad,Diallo,14,3,6.2,91,2,5,6,2339,3.2,163.5,33,0,7,1.3,2.8,5.46,4.74
Antony,dos Santos,14,3,5.9,0,0,0,0,0,0.0,0.0,0,0,0,0.1,0.0,0.00,0.00
Mason,Mount,14,3,5.9,58,3,0,5,1010,2.5,58.0,15,0,3,0.3,2.5,1.56,1.62
Carlos Henrique,Casimiro,14,3,5.8,165,9,4,9,2575,1.2,202.8,32,0,20,3.8,4.9,5.44,3.17
Kobbie,Mainoo,14,3,4.7,73,1,2,6,1653,5.0,82.1,22,0,2,1.4,2.6,0.48,1.27
Manuel,Ugarte Ribeiro,14,3,4.7,38,0,0,1,876,0.0,29.8,23,0,0,0.1,1.7,0.72,0.16
Toby,Collyer,14,3,4.5,0,0,0,0,0,0.0,0.0,0,0,0,0.0,0.0,0.00,0.00
Jayce,Fitzgerald,14,3,4.3,0,0,0,0,0,0.0,0.0,0,0,0,0.0,0.0,0.00,0.00
Jack,Fletcher,14,3,4.3,3,0,0,0,107,0.0,4.8,0,0,0,0.1,1.0,0.03,0.02
Sékou,Koné,14,3,4.3,0,0,0,0,0,0.0,0.0,0,0,0,0.1,0.0,0.00,0.00
Jack,Moorhouse,14,3,4.5,0,0,0,0,0,0.0,0.0,0,0,0,0.0,0.0,0.00,0.00
Rasmus,Højlund,14,4,6.3,0,0,0,0,0,0.0,0.0,0,0,0,0.3,0.0,0.00,0.00
Joshua,Zirkzee,14,4,5.8,42,2,1,2,607,1.0,58.3,8,0,6,0.4,1.8,2.74,0.34
Chido,Obi,14,4,4.2,0,0,0,0,0,0.0,0.0,0,0,0,1.4,0.0,0.00,0.00
Ethan,Wheatley,14,4,4.5,0,0,0,0,0,0.0,0.0,0,0,0,0.1,0.0,0.00,0.00
Benjamin,Sesko,14,4,7.2,111,11,2,2,1630,1.2,143.4,30,0,19,4.6,3.7,9.21,0.28
Senne,Lammens,14,1,5.1,109,0,0,8,2880,4.5,63.7,39,79,11,3.6,3.4,0.00,0.00
Shea,Lacey,14,3,4.5,3,0,0,0,40,0.2,1.7,0,0,0,0.0,1.0,0.10,0.01
Bendito,Mantato,14,3,4.5,1,0,0,0,15,0.0,1.4,0,0,0,0.0,1.0,0.00,0.01
Tyler,Fletcher,14,3,4.4,2,0,0,0,17,0.2,0.3,0,0,0,0.0,1.0,0.00,0.01
Godwill,Kukonki,14,2,4.0,0,0,0,0,0,0.0,0.0,0,0,0,0.0,0.0,0.00,0.00
Jim,Thwaites,14,3,4.5,0,0,0,0,0,0.0,0.0,0,0,0,0.0,0.0,0.00,0.00
Jacob,Ramsey,15,3,5.3,62,2,3,1,1441,4.5,79.9,31,0,3,0.3,2.2,1.20,1.45
Yoane,Wissa,15,4,7.3,27,1,1,1,517,1.2,25.5,11,0,0,0.6,1.4,3.13,0.54
Nick,Pope,15,1,5.0,96,0,1,7,2416,3.0,70.7,38,89,3,4.5,3.6,0.16,0.00
Mark,Gillespie,15,1,3.9,0,0,0,0,0,0.0,0.0,0,0,0,0.1,0.0,0.00,0.00
Odysseas,Vlachodimos,15,1,4.0,0,0,0,0,0,0.0,0.0,0,0,0,0.0,0.0,0.00,0.00
Lewis,Hall,15,2,5.3,79,1,2,4,2176,1.2,118.0,39,0,4,3.3,2.6,1.01,2.78
Fabian,Schär,15,2,5.2,51,0,0,4,1089,0.0,46.4,13,0,0,1.1,3.2,0.97,0.60
Sven,Botman,15,2,4.9,89,1,1,5,1834,3.8,87.4,27,0,6,0.5,3.6,1.73,0.86
Dan,Burn,15,2,5.0,93,1,3,6,2195,2.8,82.1,36,0,5,3.6,3.2,1.08,0.36
Tino,Livramento,15,2,4.9,59,0,1,6,1326,0.0,46.1,14,0,3,1.8,3.5,0.13,0.89
Kieran,Trippier,15,2,4.9,54,0,1,5,1586,0.8,79.0,27,0,2,1.4,2.6,0.08,2.06
Emil,Krafth,15,2,4.3,0,0,0,0,45,0.0,0.3,2,0,0,0.0,0.0,0.00,0.00
Jamaal,Lascelles,15,2,4.3,1,0,0,0,19,0.0,1.7,2,0,0,0.0,0.5,0.04,0.00
Alex,Murphy,15,2,3.8,2,0,0,0,7,0.2,1.3,1,0,0,0.7,1.0,0.00,0.00
Harrison,Ashby,15,2,3.9,0,0,0,0,0,0.0,0.0,0,0,0,0.1,0.0,0.00,0.00
Miodrag,Pivaš,15,2,3.8,0,0,0,0,0,0.0,0.0,0,0,0,0.4,0.0,0.00,0.00
Matt,Targett,15,2,4.0,0,0,0,0,0,0.0,0.0,0,0,0,0.1,0.0,0.00,0.00
Anthony,Gordon,15,3,7.2,101,6,4,8,1798,0.0,130.9,30,0,10,3.1,3.9,8.77,3.38
Anthony,Elanga,15,3,6.5,48,0,1,2,1302,0.5,57.8,28,0,0,2.6,1.5,1.65,1.74
Harvey,Barnes,15,3,6.1,106,7,1,5,1951,4.8,147.0,31,0,9,1.3,2.9,6.84,2.72
Bruno,Guimarães Rodriguez Moura,15,3,6.9,154,9,7,6,2456,4.2,202.9,37,0,22,6.5,5.3,5.59,4.96
Jacob,Murphy,15,3,5.9,82,3,2,8,1606,3.2,106.0,20,0,5,0.6,2.5,3.07,2.66
Joelinton Cássio,Apolinário de Lira,15,3,5.9,73,2,1,5,1950,1.5,95.0,27,0,2,0.3,2.7,2.36,1.35
Sandro,Tonali,15,3,5.3,81,0,2,7,2534,1.0,113.4,38,0,2,1.0,2.3,1.75,2.87
Antoñito,Cordero Campillo,15,3,4.9,0,0,0,0,0,0.0,0.0,0,0,0,0.0,0.0,0.00,0.00
Joe,Willock,15,3,5.0,38,0,2,3,972,2.0,55.5,18,0,0,0.1,1.6,1.26,1.07
Isaac,Hayden,15,3,4.5,0,0,0,0,0,0.0,0.0,0,0,0,0.0,0.0,0.00,0.00
Garang,Kuol,15,3,4.4,0,0,0,0,0,0.0,0.0,0,0,0,0.0,0.0,0.00,0.00
Lewis,Miley,15,3,4.4,72,1,4,2,1493,0.5,73.0,22,0,5,1.7,3.1,1.36,2.10
Joe,White,15,3,4.5,0,0,0,0,0,0.0,0.0,0,0,0,0.0,0.0,0.00,0.00
William,Osula,15,4,5.5,76,7,1,2,805,6.5,62.2,14,0,13,2.1,3.2,4.28,0.62
Sean,Neave,15,4,4.3,1,0,0,0,13,0.2,0.5,1,0,0,0.3,1.0,0.03,0.00
Aaron,Ramsdale,15,1,4.8,25,0,0,1,1003,0.0,22.3,17,25,1,0.7,2.1,0.00,0.00
Malick,Thiaw,15,2,4.9,126,4,0,5,2963,1.8,138.9,52,0,12,4.7,3.6,4.80,0.96
Seung-Soo,Park,15,3,4.3,0,0,0,0,0,0.0,0.0,0,0,0,0.5,0.0,0.00,0.00
Nick,Woltemade,15,4,6.7,108,8,4,8,1896,3.0,117.5,29,0,12,6.5,3.3,6.59,1.53
John,Ruddy,15,1,4.0,0,0,0,0,0,0.0,0.0,0,0,0,0.0,0.0,0.00,0.00
Leo,Shahar,15,2,4.0,0,0,0,0,0,0.0,0.0,0,0,0,0.0,0.0,0.00,0.00
Sam,Alabi,15,3,4.5,0,0,0,0,0,0.0,0.0,0,0,0,0.0,0.0,0.00,0.00
Oleksandr,Zinchenko,16,2,4.9,7,0,0,0,352,0.0,18.6,6,0,0,0.2,1.4,0.07,0.36
Stefan,Ortega Moreno,16,1,4.7,11,0,0,1,270,0.0,6.9,4,8,0,0.2,3.7,0.00,0.01
James,McAtee,16,3,5.0,17,0,1,0,288,2.0,17.3,9,0,0,0.1,1.2,0.18,0.37
Matz,Sels,16,1,4.6,105,0,0,7,2667,4.0,74.0,39,95,3,5.0,3.4,0.00,0.06
Carlos Miguel,dos Santos Pereira,16,1,4.0,0,0,0,0,0,0.0,0.0,0,0,0,0.1,0.0,0.00,0.00
Matt,Turner,16,1,4.0,0,0,0,0,0,0.0,0.0,0,0,0,0.1,0.0,0.00,0.00
Nikola,Milenković,16,2,5.1,119,0,1,9,3375,2.0,86.9,51,0,2,3.3,3.1,0.83,0.68
Murillo,Costa dos Santos,16,2,5.2,83,1,0,6,2130,0.0,74.0,29,0,3,1.8,3.3,0.73,0.47
Ola,Aina,16,2,4.7,67,0,2,6,1587,0.0,50.5,19,0,5,2.1,3.7,0.41,0.84
Neco,Williams,16,2,4.8,128,2,3,9,3203,1.5,175.6,48,0,15,4.2,3.5,2.01,3.97
David,Mota Veiga Teixeira do Carmo,16,2,4.5,0,0,0,0,0,0.0,0.0,0,0,0,0.0,0.0,0.00,0.00
Jair,Paula da Cunha Filho,16,2,4.2,13,0,0,0,514,1.5,14.2,7,0,0,0.1,1.4,0.27,0.06
Felipe,Rodrigues da Silva,16,2,4.3,53,1,0,2,1340,4.0,50.5,23,0,1,0.1,2.5,1.32,0.15
Omar,Richards,16,2,4.5,0,0,0,0,0,0.0,0.0,0,0,0,0.0,0.0,0.00,0.00
Zach,Abbott,16,2,3.8,3,0,0,0,165,0.2,3.2,4,0,0,0.2,1.0,0.00,0.01
Willy,Boly,16,2,3.8,0,0,0,0,0,0.0,0.0,0,0,0,0.3,0.0,0.00,0.00
Morgan,Gibbs-White,16,3,7.6,188,15,4,10,3101,5.0,242.5,45,0,18,9.2,5.1,10.81,2.91
Callum,Hudson-Odoi,16,3,5.7,88,3,4,6,1838,0.0,130.6,26,0,8,0.6,2.9,2.77,3.02
Elliot,Anderson,16,3,5.7,180,4,5,10,3332,6.8,219.0,50,0,16,9.4,4.7,2.94,4.79
João Pedro,Ferreira da Silva,16,3,5.4,1,0,0,0,11,0.0,1.0,0,0,0,0.0,1.0,0.00,0.00
Nicolás,Domínguez,16,3,5.0,48,1,1,3,1168,1.2,59.7,20,0,3,0.0,1.8,1.47,0.77
Lewis,O'Brien,16,3,5.0,0,0,0,0,0,0.0,0.0,0,0,0,0.0,0.0,0.00,0.00
Ibrahim,Sangaré,16,3,4.9,89,2,2,8,2073,1.2,76.8,26,0,2,0.1,3.2,1.16,1.80
Ryan,Yates,16,3,4.7,30,0,2,0,602,1.2,27.2,7,0,0,0.1,1.4,0.49,0.37
Eric,da Silva Moreira,16,3,4.5,0,0,0,0,0,0.0,0.0,0,0,0,0.1,0.0,0.00,0.00
Marko,Stamenić,16,3,4.5,0,0,0,0,0,0.0,0.0,0,0,0,0.0,0.0,0.00,0.00
Chris,Wood,16,4,7.1,41,3,0,2,896,1.5,48.0,14,0,4,4.7,2.7,4.29,0.32
Igor Jesus,Maciel da Cruz,16,4,5.9,114,6,6,9,2293,2.5,136.4,37,0,13,2.4,3.1,6.48,1.26
Taiwo,Awoniyi,16,4,5.2,43,4,2,1,480,4.8,48.4,4,0,4,0.4,2.5,3.68,0.77
Dan,Ndoye,16,3,5.5,50,1,2,2,1167,0.0,56.6,17,0,4,0.7,2.1,1.05,1.51
Angus,Gunn,16,1,4.0,1,0,0,0,45,0.0,0.1,0,0,0,1.1,1.0,0.00,0.00
Omari,Hutchinson,16,3,5.4,82,1,7,6,1676,2.2,121.6,24,0,3,0.1,2.6,2.01,3.87
Arnaud,Kalimuendo,16,4,6.0,9,0,0,0,89,0.0,6.3,3,0,0,0.1,1.0,0.44,0.02
John Victor,Maciel Furtado,16,1,4.0,11,0,0,1,437,0.0,5.7,8,6,0,0.3,2.2,0.00,0.00
Nicolò,Savona,16,2,4.5,39,2,0,3,1025,0.0,43.5,18,0,0,0.0,2.8,1.34,0.45
Luis Eduardo,Soares da Silva,16,2,4.5,0,0,0,0,0,0.0,0.0,0,0,0,0.0,0.0,0.00,0.00
Dilane,Bakwa,16,3,5.9,26,0,2,2,549,2.8,35.6,10,0,1,0.0,1.9,0.54,1.01
Lorenzo,Lucca,16,4,5.3,9,1,0,1,126,0.2,8.5,1,0,0,0.0,2.2,0.79,0.01
Luca,Netz,16,2,4.5,11,0,0,0,353,2.0,10.4,5,0,0,0.0,1.6,0.00,0.41
Archie,Whitehall,16,3,4.5,0,0,0,0,0,0.0,0.0,0,0,0,0.0,0.0,0.00,0.00
Jimmy,Sinclair,16,3,4.5,0,0,0,0,0,0.0,0.0,0,0,0,0.0,0.0,0.00,0.00
Lamin,Sillah,16,4,4.5,0,0,0,0,0,0.0,0.0,0,0,0,0.0,0.0,0.00,0.00
Anthony,Patterson,17,1,4.2,0,0,0,0,0,0.0,0.0,0,0,0,0.1,0.0,0.00,0.00
Simon,Moore,17,1,3.9,0,0,0,0,0,0.0,0.0,0,0,0,0.3,0.0,0.00,0.00
Blondy,Nna Noukeu,17,1,3.9,0,0,0,0,0,0.0,0.0,0,0,0,0.1,0.0,0.00,0.00
Daniel,Ballard,17,2,4.6,116,2,2,6,2144,-0.5,121.5,35,0,9,2.4,4.0,2.46,0.63
Trai,Hume,17,2,4.5,110,2,1,9,3032,4.2,120.9,42,0,6,0.3,2.9,2.27,2.05
Aji,Alese,17,2,4.0,0,0,0,0,0,0.0,0.0,0,0,0,0.0,0.0,0.00,0.00
Joe,Anderson,17,2,3.8,0,0,0,0,0,0.0,0.0,0,0,0,0.3,0.0,0.00,0.00
Dennis,Cirkin,17,2,4.0,14,0,0,1,319,0.0,7.5,2,0,0,0.0,1.8,0.08,0.02
Leo Fuhr,Hjelde,17,2,4.0,0,0,0,0,0,0.0,0.0,0,0,0,0.0,0.0,0.00,0.00
Niall,Huggins,17,2,4.0,0,0,0,0,0,0.0,0.0,0,0,0,0.1,0.0,0.00,0.00
Zak,Johnson,17,2,3.8,0,0,0,0,0,0.0,0.0,0,0,0,0.2,0.0,0.00,0.00
Luke,O'Nien,17,2,4.0,26,0,1,2,565,2.5,17.1,7,0,1,0.1,2.2,0.15,0.13
Timothée,Pembélé,17,2,3.9,0,0,0,0,0,0.0,0.0,0,0,0,0.3,0.0,0.00,0.00
Reinildo,Mandava,17,2,3.8,74,0,2,6,1966,3.5,54.7,27,0,6,3.0,3.0,0.13,0.62
Jenson,Seelt,17,2,4.0,2,0,0,0,133,0.0,3.6,2,0,0,0.1,1.0,0.00,0.01
Simon,Adingra,17,3,4.9,34,1,1,4,649,0.0,27.0,8,0,3,0.3,2.4,0.35,0.62
Habib,Diarra,17,3,5.3,65,2,6,5,1403,1.2,53.9,19,0,3,0.1,3.2,3.27,0.85
Patrick,Roberts,17,3,5.4,1,0,0,0,27,0.0,1.4,1,0,0,0.0,1.0,0.03,0.02
Milan,Aleksić,17,3,4.9,0,0,0,0,0,0.0,0.0,0,0,0,0.0,0.0,0.00,0.00
Enzo,Le Fée,17,3,4.8,147,5,6,10,2930,6.2,186.9,43,0,16,1.6,4.1,5.22,5.95
Romaine,Mundle,17,3,4.9,14,0,0,0,399,0.0,12.7,11,0,0,0.0,1.0,0.87,0.48
Dan,Neil,17,3,4.8,3,0,0,0,13,0.0,0.4,0,0,0,0.0,1.0,0.00,0.00
Ian,Poveda-Ocampo,17,3,4.7,0,0,0,0,0,0.0,0.0,0,0,0,0.0,0.0,0.00,0.00
Chris,Rigg,17,3,4.7,36,1,1,3,758,1.2,36.0,11,0,1,0.1,2.0,0.86,0.93
Noah,Sadiki,17,3,4.9,80,0,2,9,2891,2.5,84.6,42,0,0,0.1,2.4,1.43,1.46
Chemsdine,Talbi,17,3,4.9,83,4,2,7,1553,1.5,69.1,14,0,6,0.2,3.0,2.13,1.18
Abdoullah,Ba,17,3,4.3,0,0,0,0,0,0.0,0.0,0,0,0,0.3,0.0,0.00,0.00
Alan,Browne,17,3,4.5,0,0,0,0,0,0.0,0.0,0,0,0,0.0,0.0,0.00,0.00
Pierre,Ekwah Elimby,17,3,4.5,0,0,0,0,0,0.0,0.0,0,0,0,0.0,0.0,0.00,0.00
Harrison,Jones,17,3,4.3,0,0,0,0,0,0.0,0.0,0,0,0,0.1,0.0,0.00,0.00
Jay,Matete,17,3,4.3,0,0,0,0,0,0.0,0.0,0,0,0,0.2,0.0,0.00,0.00
Nectarios,Triantis,17,3,4.4,0,0,0,0,0,0.0,0.0,0,0,0,0.0,0.0,0.00,0.00
Wilson,Isidor,17,4,5.0,74,6,1,4,1148,1.8,71.5,17,0,7,1.3,2.3,4.70,0.38
Eliezer,Mayenda Dossou,17,4,5.1,40,2,0,3,751,0.2,35.5,9,0,5,0.5,2.0,2.13,0.22
Ahmed,Abdullahi,17,4,4.2,0,0,0,0,0,0.0,0.0,0,0,0,0.4,0.0,0.00,0.00
Luís Hemir,Silva Semedo,17,4,4.4,0,0,0,0,0,0.0,0.0,0,0,0,0.1,0.0,0.00,0.00
Nazarii,Rusyn,17,4,4.4,0,0,0,0,0,0.0,0.0,0,0,0,0.1,0.0,0.00,0.00
Granit,Xhaka,17,3,5.1,124,1,6,9,2901,4.2,138.1,39,0,8,3.2,3.6,1.01,3.73
Robin,Roefs,17,1,4.8,136,0,0,10,3150,3.5,93.1,46,109,12,8.0,3.9,0.00,0.10
Arthur,Masuaku,17,2,3.9,1,0,0,0,125,0.0,4.9,2,0,0,0.5,0.3,0.07,0.08
Omar,Alderete,17,2,4.1,125,1,1,10,2797,3.2,117.0,40,0,5,4.9,3.8,1.62,0.91
Nordi,Mukiele,17,2,4.6,151,3,5,9,2784,5.8,132.9,40,0,11,8.7,4.7,1.62,2.65
Lutsharel,Geertruida,17,2,4.5,55,0,0,3,1681,2.2,51.2,23,0,0,0.1,2.0,0.79,0.85
Brian,Brobbey,17,4,5.3,92,7,2,6,1920,3.8,106.7,30,0,12,0.9,3.0,6.02,0.67
Bertrand,Traoré,17,3,5.5,30,1,1,3,634,0.0,35.9,9,0,1,0.0,2.5,0.48,0.25
Jenson,Jones,17,2,4.0,0,0,0,0,0,0.0,0.0,0,0,0,0.0,0.0,0.00,0.00
Tymur,Tutierov,17,3,4.5,0,0,0,0,0,0.0,0.0,0,0,0,0.0,0.0,0.00,0.00
Djiamgone Jocelin Ta,Bi,17,3,4.9,1,0,0,0,38,0.0,1.0,0,0,0,0.0,1.0,0.00,0.04
Melker,Ellborg,17,1,4.0,16,0,0,1,270,0.0,7.4,2,10,3,0.1,5.3,0.00,0.02
Nilson,Angulo,17,3,5.0,13,0,0,1,401,1.0,17.8,6,0,0,0.0,1.6,0.77,0.12
Jack,Whittaker,17,3,4.5,0,0,0,0,0,0.0,0.0,0,0,0,0.0,0.0,0.00,0.00
Jaydon,Jones,17,3,4.5,0,0,0,0,0,0.0,0.0,0,0,0,0.0,0.0,0.00,0.00
Guglielmo,Vicario,18,1,4.7,90,0,0,7,2790,0.0,72.2,50,83,6,4.7,2.9,0.00,0.04
Brandon,Austin,18,1,3.9,0,0,0,0,0,0.0,0.0,0,0,0,0.3,0.0,0.00,0.00
Antonín,Kinský,18,1,3.9,20,0,0,2,630,2.8,10.3,7,10,0,1.9,2.9,0.00,0.00
Pedro,Porro Sauceda,18,2,5.2,117,1,3,9,2793,3.8,177.5,40,0,8,11.7,3.4,1.05,4.37
Cristian,Romero,18,2,5.0,91,4,1,5,1869,0.0,93.2,33,0,10,2.9,4.0,1.39,1.25
Kevin,Danso,18,2,4.2,63,0,0,4,1489,4.2,55.5,25,0,1,0.2,2.6,0.62,0.28
Ben,Davies,18,2,4.3,10,1,0,0,136,0.0,14.2,3,0,1,0.1,3.3,0.49,0.07
Radu,Drăgușin,18,2,4.5,17,0,0,0,515,0.2,16.1,13,0,0,0.0,1.7,0.31,0.01
Djed,Spence,18,2,4.1,78,0,0,9,2049,2.2,70.5,31,0,3,0.9,2.6,0.90,1.77
Destiny,Udogie,18,2,4.3,29,0,1,1,1335,2.8,49.8,25,0,1,0.3,1.4,0.18,0.72
Micky,van de Ven,18,2,4.4,116,4,1,9,3041,2.5,99.6,50,0,10,17.6,3.3,2.82,0.38
Ashley,Phillips,18,2,4.0,0,0,0,0,0,0.0,0.0,0,0,0,0.0,0.0,0.00,0.00
Takai,Kōta,18,2,4.0,0,0,0,0,0,0.0,0.0,0,0,0,0.0,0.0,0.00,0.00
Luka,Vušković,18,2,3.9,0,0,0,0,0,0.0,0.0,0,0,0,0.3,0.0,0.00,0.00
Son,Heung-min,18,3,8.5,0,0,0,0,0,0.0,0.0,0,0,0,0.1,0.0,0.00,0.00
James,Maddison,18,3,6.8,3,0,0,0,34,0.8,2.8,0,0,0,0.3,1.0,0.21,0.06
Mohammed,Kudus,18,3,6.4,75,2,6,7,1535,0.0,104.7,20,0,7,9.1,3.9,1.92,2.41
Dejan,Kulusevski,18,3,6.4,0,0,0,0,0,0.0,0.0,0,0,0,0.0,0.0,0.00,0.00
Mathys,Tel,18,3,6.2,78,4,2,3,1334,4.8,107.6,23,0,7,0.5,2.5,2.47,2.43
Rodrigo,Bentancur,18,3,5.2,86,1,1,8,1880,3.5,67.4,25,0,4,0.2,3.3,0.72,0.84
Lucas,Bergvall,18,3,5.2,49,1,3,3,955,0.5,41.5,18,0,0,0.2,2.1,1.23,0.43
Yves,Bissouma,18,3,5.2,17,0,0,1,600,0.2,13.7,17,0,0,0.0,1.5,0.36,0.10
Wilson,Odobert,18,3,5.3,46,0,2,2,972,0.0,67.6,13,0,6,0.0,1.9,1.92,1.21
Manor,Solomon,18,3,5.4,0,0,0,0,0,0.0,0.0,0,0,0,0.0,0.0,0.00,0.00
Bryan,Gil Salvatierra,18,3,4.9,0,0,0,0,0,0.0,0.0,0,0,0,0.0,0.0,0.00,0.00
Archie,Gray,18,3,4.8,61,2,2,5,1471,0.2,55.5,28,0,6,0.1,2.5,1.50,1.29
Mikey,Moore,18,3,5.0,0,0,0,0,0,0.0,0.0,0,0,0,0.0,0.0,0.00,0.00
Pape Matar,Sarr,18,3,4.5,71,2,4,3,1388,1.2,68.2,23,0,2,1.0,2.7,1.63,1.11
Yang,Min-hyeok,18,3,4.5,0,0,0,0,0,0.0,0.0,0,0,0,0.0,0.0,0.00,0.00
Callum,Olusesi,18,3,4.3,1,0,0,0,14,0.0,0.2,0,0,0,0.2,1.0,0.00,0.01
Dominic,Solanke-Mitchell,18,4,7.1,40,3,0,0,997,0.0,62.7,21,0,4,1.1,2.7,2.97,0.34
Richarlison,de Andrade,18,4,6.5,119,11,4,7,1954,5.0,165.2,27,0,17,8.7,3.7,8.64,1.46
Will,Lankshear,18,4,4.5,0,0,0,0,0,0.0,0.0,0,0,0,0.0,0.0,0.00,0.00
Dane,Scarlett,18,4,4.3,2,0,0,0,7,0.0,0.7,0,0,0,0.5,1.0,0.00,0.01
João Maria,Lobo Alves Palhares Costa Palhinha Gonçalves,18,3,5.5,126,5,3,5,2192,5.2,108.3,37,0,17,0.9,3.8,2.72,0.65
Xavi,Simons,18,3,6.3,80,2,5,4,1747,0.0,113.9,36,0,7,1.1,2.9,3.06,3.85
Randal,Kolo Muani,18,4,6.9,52,1,1,4,1655,1.5,71.0,31,0,1,0.4,1.7,2.07,1.63
Jun'ai,Byfield,18,2,4.0,1,0,0,0,1,0.0,0.1,0,0,0,0.0,1.0,0.00,0.00
James,Rowswell,18,2,4.0,1,0,0,0,1,0.0,0.0,0,0,0,0.0,1.0,0.00,0.00
Yusuf,Akhamrich,18,3,4.5,0,0,0,0,0,0.0,0.0,0,0,0,0.0,0.0,0.00,0.00
Lucá,Williams-Barnett,18,3,4.5,0,0,0,0,0,0.0,0.0,0,0,0,0.0,0.0,0.00,0.00
Conor,Gallagher,18,3,5.0,44,1,1,2,1183,4.0,55.1,23,0,3,0.2,2.8,1.23,0.70
João Victor,de Souza Menezes,18,2,4.0,3,0,0,0,142,0.0,6.2,3,0,0,0.0,0.8,0.02,0.03
Rio,Kyerematen,18,3,4.5,0,0,0,0,0,0.0,0.0,0,0,0,0.0,0.0,0.00,0.00
James,Wilson,18,4,4.5,0,0,0,0,0,0.0,0.0,0,0,0,0.0,0.0,0.00,0.00
Adama,Traoré Diarra,19,3,5.1,25,0,0,0,376,0.2,17.2,12,0,0,0.1,1.0,0.69,0.57
Alphonse,Areola,19,1,4.2,51,0,1,0,1800,0.0,57.9,37,77,2,1.9,2.5,0.00,0.00
Wes,Foderingham,19,1,4.0,0,0,0,0,0,0.0,0.0,0,0,0,0.2,0.0,0.00,0.00
Krisztián,Hegyi,19,1,3.9,0,0,0,0,0,0.0,0.0,0,0,0,0.2,0.0,0.00,0.00
El Hadji Malick,Diouf,19,2,4.1,104,0,6,9,2706,2.2,119.8,47,0,3,2.4,3.2,0.57,2.51
Emerson,Palmieri dos Santos,19,2,4.4,0,0,0,0,0,0.0,0.0,0,0,0,0.0,0.0,0.00,0.00
Maximilian,Kilman,19,2,4.0,36,0,0,1,1559,0.0,50.9,37,0,0,0.1,1.7,0.56,0.25
Konstantinos,Mavropanos,19,2,4.5,122,3,0,6,2532,3.5,113.8,44,0,5,2.6,3.9,2.47,0.70
Nayef,Aguerd,19,2,4.4,3,0,0,0,180,0.0,5.1,8,0,0,0.0,1.5,0.10,0.03
Ollie,Scarles,19,2,4.3,21,0,1,0,656,0.0,24.6,16,0,0,0.0,1.6,0.18,0.32
Jean-Clair,Todibo,19,2,4.3,46,0,1,1,1817,0.2,47.7,37,0,1,0.1,2.0,0.25,0.32
Aaron,Wan-Bissaka,19,2,4.1,67,0,3,3,2080,1.0,77.2,43,0,0,4.3,2.7,0.00,1.00
Kaelan,Casey,19,2,4.0,0,0,0,0,0,0.0,0.0,0,0,0,0.1,0.0,0.00,0.00
Lucas,Tolentino Coelho de Lima,19,3,5.9,69,4,2,3,1513,0.0,95.7,33,0,8,1.0,3.8,2.85,2.00
Tomáš,Souček,19,3,5.7,103,5,2,7,2190,2.0,120.4,43,0,9,0.5,2.9,5.73,0.52
Crysencio,Summerville,19,3,5.4,110,5,4,8,2470,2.5,145.0,42,0,10,1.6,3.5,5.43,3.35
Edson,Álvarez Velázquez,19,3,4.9,0,0,0,0,0,0.0,0.0,0,0,0,0.0,0.0,0.00,0.00
Maxwel,Cornet,19,3,4.9,0,0,0,0,0,0.0,0.0,0,0,0,0.0,0.0,0.00,0.00
Guido,Rodríguez,19,3,4.8,8,0,0,1,175,0.0,1.7,2,0,0,0.0,1.3,0.03,0.04
Luis Guilherme,Lira dos Santos,19,3,4.9,5,0,0,0,121,0.0,2.5,2,0,0,0.0,1.0,0.07,0.03
George,Earthy,19,3,4.5,1,0,0,0,8,0.0,0.4,1,0,0,0.0,1.0,0.00,0.01
Andy,Irving,19,3,4.3,9,0,0,0,156,0.0,8.6,4,0,0,0.2,1.3,0.00,0.17
Lewis,Orford,19,3,4.4,0,0,0,0,0,0.0,0.0,0,0,0,0.1,0.0,0.00,0.00
Freddie,Potts,19,3,4.3,37,0,1,1,1162,0.0,37.1,25,0,0,0.5,1.7,0.21,1.06
Jarrod,Bowen,19,4,7.8,187,9,13,8,3406,4.5,238.9,63,0,28,17.5,4.9,7.22,5.21
Niclas,Füllkrug,19,4,5.6,12,0,0,1,407,0.0,23.8,11,0,0,0.6,1.5,0.93,0.21
Callum,Marshall,19,4,4.3,2,0,0,0,58,0.0,0.8,2,0,0,0.5,1.0,0.13,0.00
Kyle,Walker-Peters,19,2,4.2,53,1,0,4,1378,1.8,49.8,25,0,0,0.3,2.3,1.13,0.37
Callum,Wilson,19,4,5.8,80,7,2,1,1234,2.2,91.1,24,0,7,0.6,2.5,7.60,0.54
Mads,Hermansen,19,1,4.2,76,0,1,7,1620,4.0,44.2,28,55,8,1.0,4.2,0.00,0.01
Mateus Gonçalo,Espanha Fernandes,19,3,5.5,135,3,4,8,3017,4.8,146.3,50,0,7,0.6,3.8,1.99,2.96
Soungoutou,Magassa,19,3,5.0,42,1,0,2,971,0.2,31.0,23,0,2,0.0,1.9,0.44,0.32
Lukasz,Fabianski,19,1,4.5,0,0,0,0,0,0.0,0.0,0,0,0,0.0,0.0,0.00,0.00
Ezra,Mayers,19,2,4.0,6,0,0,0,113,0.0,6.6,3,0,0,0.0,1.0,0.12,0.49
Airidas,Golambeckis,19,2,4.0,0,0,0,0,0,0.0,0.0,0,0,0,0.0,0.0,0.00,0.00
Mohamadou,Kanté,19,3,4.5,9,0,0,0,67,0.2,4.0,1,0,0,0.0,0.8,0.07,0.04
Pablo Felipe,Pereira de Jesus,19,4,5.4,26,0,1,3,819,1.2,41.3,12,0,0,0.0,1.9,1.05,1.11
Valentín,Castellanos,19,4,5.5,61,6,1,9,1384,4.0,103.9,16,0,5,0.3,3.4,5.75,0.81
Keiber,Lamadrid,19,3,5.0,0,0,0,0,0,0.0,0.0,0,0,0,0.0,0.0,0.00,0.00
Axel,Disasi,19,2,4.5,49,0,0,6,1254,2.5,32.4,17,0,1,0.2,3.5,1.10,0.03
Finlay,Herrick,19,1,4.0,0,0,0,0,0,0.0,0.0,0,0,0,0.0,0.0,0.00,0.00
Sam,Johnstone,20,1,4.4,21,0,0,0,1080,0.0,30.8,24,39,0,0.1,1.8,0.00,0.02
José,Malheiro de Sá,20,1,4.2,68,0,0,4,2070,2.2,52.8,37,65,8,1.1,3.0,0.00,0.04
Daniel,Bentley,20,1,3.9,6,0,0,0,270,1.0,6.5,7,7,0,0.5,2.0,0.00,0.00
Emmanuel,Agbadou,20,2,4.2,23,0,0,0,1100,0.0,46.4,29,0,0,0.1,1.6,0.57,0.40
Matt,Doherty,20,2,4.4,14,0,0,1,786,0.0,20.5,15,0,0,0.1,1.3,0.09,0.19
Hugo,Bueno López,20,2,4.3,83,1,3,4,2359,1.8,140.4,44,0,4,0.2,2.4,0.86,3.49
Yerson,Mosquera Valdelamar,20,2,4.3,61,0,0,4,2137,2.5,83.5,40,0,3,0.1,2.3,2.51,0.62
Rodrigo,Martins Gomes,20,2,4.4,48,3,0,1,954,1.5,48.2,18,0,0,0.1,2.2,2.13,0.39
Santiago,Ignacio Bueno,20,2,4.4,92,3,2,4,2552,3.8,100.0,47,0,4,0.2,3.2,2.28,1.45
Toti,Gomes,20,2,4.2,41,0,0,1,1423,2.0,51.7,33,0,0,0.1,2.2,0.53,0.29
Ki-Jana,Hoever,20,2,3.8,10,0,0,0,423,0.0,20.3,13,0,0,0.8,1.2,0.02,0.36
Bastien,Meupiyou Menadjou,20,2,4.0,0,0,0,0,0,0.0,0.0,0,0,0,0.0,0.0,0.00,0.00
Pedro,Cardoso de Lima,20,2,4.0,10,0,0,0,257,1.0,12.3,6,0,0,0.4,1.1,0.35,0.37
Alfie,Pond,20,2,3.9,0,0,0,0,0,0.0,0.0,0,0,0,0.9,0.0,0.00,0.00
Hwang,Hee-chan,20,3,5.6,54,2,2,2,1439,1.8,53.4,29,0,0,0.1,2.1,2.37,1.57
André,Trindade da Costa Neto,20,3,5.2,96,1,0,2,2760,2.5,78.9,53,0,4,0.1,2.7,0.52,0.99
Jean-Ricner,Bellegarde,20,3,5.1,44,1,1,3,1239,0.5,54.6,30,0,0,0.0,1.7,1.04,1.06
Fer,López González,20,3,5.1,12,0,1,0,228,0.0,12.4,9,0,0,0.0,1.3,0.16,0.61
João Victor,Gomes da Silva,20,3,5.3,107,1,2,4,2829,2.0,102.0,56,0,6,0.3,3.1,1.29,2.09
Gonçalo Manuel,Ganchinho Guedes,20,3,5.5,0,0,0,0,0,0.0,0.0,0,0,0,0.0,0.0,0.00,0.00
Marshall,Munetsi,20,3,5.3,38,1,2,0,872,0.0,42.1,19,0,1,0.0,2.9,1.64,0.38
Boubacar,Traoré,20,3,5.0,0,0,0,0,0,0.0,0.0,0,0,0,0.0,0.0,0.00,0.00
Tawanda,Chirewa,20,3,4.3,2,0,0,0,25,0.0,0.4,0,0,0,0.2,1.0,0.00,0.00
Tom,Edozie,20,3,4.3,8,1,0,0,12,0.2,5.8,0,0,0,0.4,2.7,0.23,0.00
Enso,González Medina,20,3,4.3,0,0,0,0,0,0.0,0.0,0,0,0,1.2,0.0,0.00,0.00
Joe,Hodge,20,3,4.5,0,0,0,0,0,0.0,0.0,0,0,0,0.0,0.0,0.00,0.00
Fábio,Soares Silva,20,4,4.9,0,0,0,0,0,0.0,0.0,0,0,0,0.2,0.0,0.00,0.00
Saša,Kalajdžić,20,4,4.9,1,0,0,0,14,0.0,0.7,0,0,0,0.0,1.0,0.00,0.01
Leon,Chiwome,20,4,4.4,0,0,0,0,0,0.0,0.0,0,0,0,0.0,0.0,0.00,0.00
Nathan,Fraser,20,4,4.2,0,0,0,0,0,0.0,0.0,0,0,0,1.7,0.0,0.00,0.00
Jhon,Arias,20,3,4.9,45,1,0,2,1117,0.0,52.1,21,0,2,0.1,2.0,3.38,0.62
David,Møller Wolfe,20,2,4.2,35,0,2,1,1042,1.2,33.3,23,0,0,0.1,1.6,0.13,1.09
Jackson,Tchatchoua,20,2,4.4,52,0,1,3,1834,0.0,73.8,37,0,0,0.0,1.7,0.33,1.60
Ladislav,Krejcí,20,2,4.5,68,2,2,3,2356,2.0,96.6,46,0,1,0.1,2.4,2.23,1.49
Tolu,Arokodare,20,4,5.1,66,3,2,3,1402,1.2,98.2,28,0,4,0.1,2.0,5.49,0.39
Mateus,Mané,20,4,4.2,74,3,2,5,1787,4.2,109.5,30,0,9,1.4,2.7,2.01,3.69
Saheed,Olagunju,20,2,4.0,0,0,0,0,0,0.0,0.0,0,0,0,0.0,0.0,0.00,0.00
Luke,Rawlings,20,3,4.5,0,0,0,0,0,0.0,0.0,0,0,0,0.0,0.0,0.00,0.00
Temple,Ojinnaka,20,3,4.5,0,0,0,0,0,0.0,0.0,0,0,0,0.0,0.0,0.00,0.00
Ethan,Sutherland,20,3,4.5,0,0,0,0,0,0.0,0.0,0,0,0,0.0,0.0,0.00,0.00
Jerome,Abbey,20,3,4.5,1,0,0,0,16,0.2,0.3,0,0,0,0.0,1.0,0.00,0.00
Angel,Gomes,20,3,4.6,16,0,0,1,457,1.0,17.1,8,0,0,0.0,1.3,0.25,0.28
Adam,Armstrong,20,4,5.1,39,2,2,3,1141,3.2,41.9,20,0,1,0.1,2.8,2.77,0.85
Alfie,Brooks,20,1,4.0,0,0,0,0,0,0.0,0.0,0,0,0,0.0,0.0,0.00,0.00
Josh,Gracey,20,1,4.0,0,0,0,0,0,0.0,0.0,0,0,0,0.0,0.0,0.00,0.00
